engine,track,schema_id,workload,input,sample_index,operation_count,process_key_calls,process_key_ns,translator_calls,translator_ns,lookup_views_visited,owned_candidates_materialized,owned_candidate_materialization_ns,candidates_sorted,candidate_sort_ns,userdb_merge_ns,filter_pipeline_ns,ranker_pipeline_ns,ai_merge_ns,candidates_stored,context_full_snapshot_candidates_cloned,context_page_snapshot_candidates_cloned,abi_get_context_calls,abi_get_context_ns,abi_candidates_exported,abi_free_context_calls,abi_free_context_ns,candidate_request_bounded_calls,candidate_request_unbounded_calls,candidate_request_page_limit_total,candidate_request_surplus_total,bounded_iterator_calls,bounded_iterator_limit_total,bounded_iterator_selected_total,bounded_iterator_full_count_total,full_list_translation_calls,full_list_fallback_count,exact_lookup_calls,exact_lookup_ns,exact_lookup_candidates,prefix_lookup_calls,prefix_lookup_ns,prefix_lookup_candidates,heap_exact_lookup_calls,heap_prefix_lookup_calls,no_marisa_compact_exact_lookup_calls,no_marisa_compact_prefix_lookup_calls,rsmarisa_exact_lookup_calls,rsmarisa_prefix_lookup_calls,prism_lookup_calls,prism_lookup_ns,prism_lookup_codes,abi_c_string_allocations,abi_c_string_bytes,abi_c_string_allocation_ns,sentence_candidate_calls,sentence_candidate_ns,sentence_substrings_considered,sentence_exact_lookup_calls,sentence_exact_lookup_ns,sentence_exact_lookup_candidates,sentence_prefix_lookup_calls,sentence_prefix_lookup_ns,sentence_prefix_lookup_candidates,sentence_entry_matches_collected,sentence_path_clones,sentence_path_replacements,sentence_paths_pruned,sentence_max_live_paths,sentence_result_candidates,upstream_sentence_model_calls,upstream_sentence_model_ns,upstream_sentence_model_candidates,upstream_sentence_model_code_prefix_checks,upstream_sentence_model_table_entries_considered,upstream_sentence_model_vocabulary_entries_considered,upstream_sentence_model_graph_edges,upstream_sentence_model_index_build_calls,upstream_sentence_model_index_build_ns,upstream_sentence_model_exact_range_index_hits,upstream_sentence_model_exact_range_index_misses,upstream_sentence_model_prefix_filter_hits,upstream_sentence_model_prefix_filter_misses,upstream_sentence_model_prefix_filter_early_breaks,upstream_sentence_model_reachable_starts_visited,upstream_sentence_model_unreachable_starts_skipped,upstream_sentence_model_phrase_index_walk_calls,upstream_sentence_model_phrase_index_nodes_visited,upstream_sentence_model_phrase_index_entry_ranges_emitted,upstream_sentence_model_partition_point_fallback_calls,upstream_sentence_model_graph_rebuild_calls,upstream_sentence_model_graph_rebuild_ns,upstream_sentence_model_incremental_reuse_hits,upstream_sentence_model_incremental_extend_ns,upstream_sentence_model_incremental_discarded_rebuild_chars,upstream_sentence_model_candidate_state_buckets,upstream_sentence_model_candidate_states_ranked,upstream_sentence_model_candidate_path_ns,upstream_sentence_model_candidate_merge_ns,prefix_fallback_calls,prefix_fallback_ns,prefix_fallback_views_visited,prefix_fallback_candidates,dynamic_correction_calls,dynamic_correction_ns,dynamic_correction_codes_considered,dynamic_correction_candidates,abbreviation_span_discovery_calls,abbreviation_span_discovery_ns,abbreviation_span_candidates_considered,abbreviation_span_codes_emitted,abbreviation_model_has_code_calls,abbreviation_model_has_code_ns,abbreviation_code_span_graph_build_ns,abbreviation_sentence_ranking_ns,abbreviation_preedit_format_ns,abbreviation_candidate_format_ns,short_key_candidate_rows_scanned,short_key_candidates_materialized,short_key_candidates_cloned,short_key_filter_ns,short_key_sort_rank_ns,short_key_comment_quality_ns,short_key_first_page_materialize_ns,track_b_spelling_expansions_considered,track_b_spelling_expansion_ns,track_b_exact_lookup_calls,track_b_exact_lookup_ns,track_b_prefix_lookup_calls,track_b_prefix_lookup_ns,track_b_candidates_materialized,track_b_first_page_materialize_ns
yune,track-b-product,jyut6ping3_mobile,startup_warm_shared_assets_runtime_ready,,0,1,0,0,18,100800,0,0,0,0,800,14200,10100,500,1500,0,0,0,0,0,0,0,0,16,7,80,400,0,0,0,0,7,5,10,12700,0,0,0,0,0,0,10,0,0,0,10,3700,0,0,0,0,5,100,0,0,0,0,0,0,0,0,0,0,0,0,0,0,0,0,0,0,0,0,0,0,0,0,0,0,0,0,0,0,0,0,0,0,0,0,0,0,0,0,0,0,5,400,0,0,0,0,0,0,0,0,0,0,0,0,0,0,0,0,0,0,0,0,0,0,0,0,3700,10,12700,0,0,0,0
yune,track-b-product,jyut6ping3_mobile,startup_warm_shared_assets_runtime_ready,,1,1,0,0,18,39400,0,0,0,0,600,5400,2600,200,400,0,0,0,0,0,0,0,0,16,7,80,400,0,0,0,0,7,5,10,5700,0,0,0,0,0,0,10,0,0,0,10,1800,0,0,0,0,5,300,0,0,0,0,0,0,0,0,0,0,0,0,0,0,0,0,0,0,0,0,0,0,0,0,0,0,0,0,0,0,0,0,0,0,0,0,0,0,0,0,0,0,5,800,0,0,0,0,0,0,0,0,0,0,0,0,0,0,0,0,0,0,0,0,0,0,0,0,1800,10,5700,0,0,0,0
yune,track-b-product,jyut6ping3_mobile,startup_warm_shared_assets_runtime_ready,,2,1,0,0,18,44900,0,0,0,0,1000,6100,3100,600,600,0,0,0,0,0,0,0,0,16,7,80,400,0,0,0,0,7,5,10,6500,0,0,0,0,0,0,10,0,0,0,10,2800,0,0,0,0,5,300,0,0,0,0,0,0,0,0,0,0,0,0,0,0,0,0,0,0,0,0,0,0,0,0,0,0,0,0,0,0,0,0,0,0,0,0,0,0,0,0,0,0,5,1000,0,0,0,0,0,0,0,0,0,0,0,0,0,0,0,0,0,0,0,0,0,0,0,0,2800,10,6500,0,0,0,0
yune,track-b-product,jyut6ping3_mobile,startup_warm_shared_assets_runtime_ready,,3,1,0,0,18,40600,0,0,0,0,600,6100,3700,200,500,0,0,0,0,0,0,0,0,16,7,80,400,0,0,0,0,7,5,10,6900,0,0,0,0,0,0,10,0,0,0,10,2300,0,0,0,0,5,200,0,0,0,0,0,0,0,0,0,0,0,0,0,0,0,0,0,0,0,0,0,0,0,0,0,0,0,0,0,0,0,0,0,0,0,0,0,0,0,0,0,0,5,500,0,0,0,0,0,0,0,0,0,0,0,0,0,0,0,0,0,0,0,0,0,0,0,0,2300,10,6900,0,0,0,0
yune,track-b-product,jyut6ping3_mobile,startup_warm_shared_assets_runtime_ready,,4,1,0,0,18,39700,0,0,0,0,400,5500,3800,700,400,0,0,0,0,0,0,0,0,16,7,80,400,0,0,0,0,7,5,10,7200,0,0,0,0,0,0,10,0,0,0,10,1300,0,0,0,0,5,500,0,0,0,0,0,0,0,0,0,0,0,0,0,0,0,0,0,0,0,0,0,0,0,0,0,0,0,0,0,0,0,0,0,0,0,0,0,0,0,0,0,0,5,800,0,0,0,0,0,0,0,0,0,0,0,0,0,0,0,0,0,0,0,0,0,0,0,0,1300,10,7200,0,0,0,0
yune,track-b-product,jyut6ping3_mobile,startup_warm_shared_assets_runtime_ready,,5,1,0,0,18,42400,0,0,0,0,600,5900,3900,400,800,0,0,0,0,0,0,0,0,16,7,80,400,0,0,0,0,7,5,10,7500,0,0,0,0,0,0,10,0,0,0,10,2300,0,0,0,0,5,200,0,0,0,0,0,0,0,0,0,0,0,0,0,0,0,0,0,0,0,0,0,0,0,0,0,0,0,0,0,0,0,0,0,0,0,0,0,0,0,0,0,0,5,500,0,0,0,0,0,0,0,0,0,0,0,0,0,0,0,0,0,0,0,0,0,0,0,0,2300,10,7500,0,0,0,0
yune,track-b-product,jyut6ping3_mobile,startup_warm_shared_assets_runtime_ready,,6,1,0,0,18,46800,0,0,0,0,600,7800,4200,900,700,0,0,0,0,0,0,0,0,16,7,80,400,0,0,0,0,7,5,10,6600,0,0,0,0,0,0,10,0,0,0,10,2600,0,0,0,0,5,400,0,0,0,0,0,0,0,0,0,0,0,0,0,0,0,0,0,0,0,0,0,0,0,0,0,0,0,0,0,0,0,0,0,0,0,0,0,0,0,0,0,0,5,400,0,0,0,0,0,0,0,0,0,0,0,0,0,0,0,0,0,0,0,0,0,0,0,0,2600,10,6600,0,0,0,0
yune,track-b-product,jyut6ping3_mobile,startup_warm_shared_assets_runtime_ready,,7,1,0,0,18,36200,0,0,0,0,500,3900,2100,500,800,0,0,0,0,0,0,0,0,16,7,80,400,0,0,0,0,7,5,10,5400,0,0,0,0,0,0,10,0,0,0,10,2300,0,0,0,0,5,500,0,0,0,0,0,0,0,0,0,0,0,0,0,0,0,0,0,0,0,0,0,0,0,0,0,0,0,0,0,0,0,0,0,0,0,0,0,0,0,0,0,0,5,600,0,0,0,0,0,0,0,0,0,0,0,0,0,0,0,0,0,0,0,0,0,0,0,0,2300,10,5400,0,0,0,0
yune,track-b-product,jyut6ping3_mobile,startup_warm_shared_assets_runtime_ready,,8,1,0,0,18,40200,0,0,0,0,500,4400,2500,500,500,0,0,0,0,0,0,0,0,16,7,80,400,0,0,0,0,7,5,10,5800,0,0,0,0,0,0,10,0,0,0,10,2300,0,0,0,0,5,300,0,0,0,0,0,0,0,0,0,0,0,0,0,0,0,0,0,0,0,0,0,0,0,0,0,0,0,0,0,0,0,0,0,0,0,0,0,0,0,0,0,0,5,600,0,0,0,0,0,0,0,0,0,0,0,0,0,0,0,0,0,0,0,0,0,0,0,0,2300,10,5800,0,0,0,0
yune,track-b-product,jyut6ping3_mobile,session_create_select_destroy,,0,1,0,0,18,37100,0,0,0,0,500,5700,2900,700,400,0,0,0,0,0,0,0,0,16,7,80,400,0,0,0,0,7,5,10,5900,0,0,0,0,0,0,10,0,0,0,10,2000,0,0,0,0,5,400,0,0,0,0,0,0,0,0,0,0,0,0,0,0,0,0,0,0,0,0,0,0,0,0,0,0,0,0,0,0,0,0,0,0,0,0,0,0,0,0,0,0,5,600,0,0,0,0,0,0,0,0,0,0,0,0,0,0,0,0,0,0,0,0,0,0,0,0,2000,10,5900,0,0,0,0
yune,track-b-product,jyut6ping3_mobile,session_create_select_destroy,,1,1,0,0,18,39800,0,0,0,0,700,4500,3100,600,800,0,0,0,0,0,0,0,0,16,7,80,400,0,0,0,0,7,5,10,6500,0,0,0,0,0,0,10,0,0,0,10,1600,0,0,0,0,5,300,0,0,0,0,0,0,0,0,0,0,0,0,0,0,0,0,0,0,0,0,0,0,0,0,0,0,0,0,0,0,0,0,0,0,0,0,0,0,0,0,0,0,5,400,0,0,0,0,0,0,0,0,0,0,0,0,0,0,0,0,0,0,0,0,0,0,0,0,1600,10,6500,0,0,0,0
yune,track-b-product,jyut6ping3_mobile,session_create_select_destroy,,2,1,0,0,18,36900,0,0,0,0,500,5200,3000,300,600,0,0,0,0,0,0,0,0,16,7,80,400,0,0,0,0,7,5,10,6200,0,0,0,0,0,0,10,0,0,0,10,2100,0,0,0,0,5,400,0,0,0,0,0,0,0,0,0,0,0,0,0,0,0,0,0,0,0,0,0,0,0,0,0,0,0,0,0,0,0,0,0,0,0,0,0,0,0,0,0,0,5,500,0,0,0,0,0,0,0,0,0,0,0,0,0,0,0,0,0,0,0,0,0,0,0,0,2100,10,6200,0,0,0,0
yune,track-b-product,jyut6ping3_mobile,session_create_select_destroy,,3,1,0,0,18,43700,0,0,0,0,600,8900,3500,600,700,0,0,0,0,0,0,0,0,16,7,80,400,0,0,0,0,7,5,10,7200,0,0,0,0,0,0,10,0,0,0,10,2300,0,0,0,0,5,100,0,0,0,0,0,0,0,0,0,0,0,0,0,0,0,0,0,0,0,0,0,0,0,0,0,0,0,0,0,0,0,0,0,0,0,0,0,0,0,0,0,0,5,600,0,0,0,0,0,0,0,0,0,0,0,0,0,0,0,0,0,0,0,0,0,0,0,0,2300,10,7200,0,0,0,0
yune,track-b-product,jyut6ping3_mobile,session_create_select_destroy,,4,1,0,0,18,39600,0,0,0,0,700,5400,2500,600,400,0,0,0,0,0,0,0,0,16,7,80,400,0,0,0,0,7,5,10,6000,0,0,0,0,0,0,10,0,0,0,10,2200,0,0,0,0,5,200,0,0,0,0,0,0,0,0,0,0,0,0,0,0,0,0,0,0,0,0,0,0,0,0,0,0,0,0,0,0,0,0,0,0,0,0,0,0,0,0,0,0,5,400,0,0,0,0,0,0,0,0,0,0,0,0,0,0,0,0,0,0,0,0,0,0,0,0,2200,10,6000,0,0,0,0
yune,track-b-product,jyut6ping3_mobile,session_create_select_destroy,,5,1,0,0,18,40100,0,0,0,0,300,4500,2400,900,300,0,0,0,0,0,0,0,0,16,7,80,400,0,0,0,0,7,5,10,5800,0,0,0,0,0,0,10,0,0,0,10,2000,0,0,0,0,5,200,0,0,0,0,0,0,0,0,0,0,0,0,0,0,0,0,0,0,0,0,0,0,0,0,0,0,0,0,0,0,0,0,0,0,0,0,0,0,0,0,0,0,5,700,0,0,0,0,0,0,0,0,0,0,0,0,0,0,0,0,0,0,0,0,0,0,0,0,2000,10,5800,0,0,0,0
yune,track-b-product,jyut6ping3_mobile,session_create_select_destroy,,6,1,0,0,18,41700,0,0,0,0,600,5200,2500,600,500,0,0,0,0,0,0,0,0,16,7,80,400,0,0,0,0,7,5,10,4800,0,0,0,0,0,0,10,0,0,0,10,2000,0,0,0,0,5,400,0,0,0,0,0,0,0,0,0,0,0,0,0,0,0,0,0,0,0,0,0,0,0,0,0,0,0,0,0,0,0,0,0,0,0,0,0,0,0,0,0,0,5,600,0,0,0,0,0,0,0,0,0,0,0,0,0,0,0,0,0,0,0,0,0,0,0,0,2000,10,4800,0,0,0,0
yune,track-b-product,jyut6ping3_mobile,session_create_select_destroy,,7,1,0,0,18,39700,0,0,0,0,300,5700,2800,200,300,0,0,0,0,0,0,0,0,16,7,80,400,0,0,0,0,7,5,10,6000,0,0,0,0,0,0,10,0,0,0,10,2300,0,0,0,0,5,200,0,0,0,0,0,0,0,0,0,0,0,0,0,0,0,0,0,0,0,0,0,0,0,0,0,0,0,0,0,0,0,0,0,0,0,0,0,0,0,0,0,0,5,700,0,0,0,0,0,0,0,0,0,0,0,0,0,0,0,0,0,0,0,0,0,0,0,0,2300,10,6000,0,0,0,0
yune,track-b-product,jyut6ping3_mobile,session_create_select_destroy,,8,1,0,0,18,40700,0,0,0,0,600,5400,2500,600,400,0,0,0,0,0,0,0,0,16,7,80,400,0,0,0,0,7,5,10,7000,0,0,0,0,0,0,10,0,0,0,10,1400,0,0,0,0,5,300,0,0,0,0,0,0,0,0,0,0,0,0,0,0,0,0,0,0,0,0,0,0,0,0,0,0,0,0,0,0,0,0,0,0,0,0,0,0,0,0,0,0,5,500,0,0,0,0,0,0,0,0,0,0,0,0,0,0,0,0,0,0,0,0,0,0,0,0,1400,10,7000,0,0,0,0
yune,track-b-product,jyut6ping3_mobile,session_create_select_destroy,,9,1,0,0,18,42100,0,0,0,0,500,5000,2800,800,1300,0,0,0,0,0,0,0,0,16,7,80,400,0,0,0,0,7,5,10,6900,0,0,0,0,0,0,10,0,0,0,10,2100,0,0,0,0,5,200,0,0,0,0,0,0,0,0,0,0,0,0,0,0,0,0,0,0,0,0,0,0,0,0,0,0,0,0,0,0,0,0,0,0,0,0,0,0,0,0,0,0,5,300,0,0,0,0,0,0,0,0,0,0,0,0,0,0,0,0,0,0,0,0,0,0,0,0,2100,10,6900,0,0,0,0
yune,track-b-product,jyut6ping3_mobile,session_create_select_destroy,,10,1,0,0,18,41100,0,0,0,0,900,5900,2800,900,500,0,0,0,0,0,0,0,0,16,7,80,400,0,0,0,0,7,5,10,6800,0,0,0,0,0,0,10,0,0,0,10,2200,0,0,0,0,5,300,0,0,0,0,0,0,0,0,0,0,0,0,0,0,0,0,0,0,0,0,0,0,0,0,0,0,0,0,0,0,0,0,0,0,0,0,0,0,0,0,0,0,5,700,0,0,0,0,0,0,0,0,0,0,0,0,0,0,0,0,0,0,0,0,0,0,0,0,2200,10,6800,0,0,0,0
yune,track-b-product,jyut6ping3_mobile,session_create_select_destroy,,11,1,0,0,18,40200,0,0,0,0,600,5100,3300,800,1300,0,0,0,0,0,0,0,0,16,7,80,400,0,0,0,0,7,5,10,6900,0,0,0,0,0,0,10,0,0,0,10,2700,0,0,0,0,5,200,0,0,0,0,0,0,0,0,0,0,0,0,0,0,0,0,0,0,0,0,0,0,0,0,0,0,0,0,0,0,0,0,0,0,0,0,0,0,0,0,0,0,5,600,0,0,0,0,0,0,0,0,0,0,0,0,0,0,0,0,0,0,0,0,0,0,0,0,2700,10,6900,0,0,0,0
yune,track-b-product,jyut6ping3_mobile,session_create_select_destroy,,12,1,0,0,18,43000,0,0,0,0,400,5600,3000,400,1100,0,0,0,0,0,0,0,0,16,7,80,400,0,0,0,0,7,5,10,7500,0,0,0,0,0,0,10,0,0,0,10,2700,0,0,0,0,5,200,0,0,0,0,0,0,0,0,0,0,0,0,0,0,0,0,0,0,0,0,0,0,0,0,0,0,0,0,0,0,0,0,0,0,0,0,0,0,0,0,0,0,5,600,0,0,0,0,0,0,0,0,0,0,0,0,0,0,0,0,0,0,0,0,0,0,0,0,2700,10,7500,0,0,0,0
yune,track-b-product,jyut6ping3_mobile,session_create_select_destroy,,13,1,0,0,18,45400,0,0,0,0,300,6800,2700,500,1000,0,0,0,0,0,0,0,0,16,7,80,400,0,0,0,0,7,5,10,6100,0,0,0,0,0,0,10,0,0,0,10,1600,0,0,0,0,5,0,0,0,0,0,0,0,0,0,0,0,0,0,0,0,0,0,0,0,0,0,0,0,0,0,0,0,0,0,0,0,0,0,0,0,0,0,0,0,0,0,0,0,5,300,0,0,0,0,0,0,0,0,0,0,0,0,0,0,0,0,0,0,0,0,0,0,0,0,1600,10,6100,0,0,0,0
yune,track-b-product,jyut6ping3_mobile,session_create_select_destroy,,14,1,0,0,18,44200,0,0,0,0,500,5900,3400,400,600,0,0,0,0,0,0,0,0,16,7,80,400,0,0,0,0,7,5,10,6400,0,0,0,0,0,0,10,0,0,0,10,1700,0,0,0,0,5,400,0,0,0,0,0,0,0,0,0,0,0,0,0,0,0,0,0,0,0,0,0,0,0,0,0,0,0,0,0,0,0,0,0,0,0,0,0,0,0,0,0,0,5,500,0,0,0,0,0,0,0,0,0,0,0,0,0,0,0,0,0,0,0,0,0,0,0,0,1700,10,6400,0,0,0,0
yune,track-b-product,jyut6ping3_mobile,session_create_select_destroy,,15,1,0,0,18,46400,0,0,0,0,500,7200,2800,1100,1000,0,0,0,0,0,0,0,0,16,7,80,400,0,0,0,0,7,5,10,6800,0,0,0,0,0,0,10,0,0,0,10,2400,0,0,0,0,5,200,0,0,0,0,0,0,0,0,0,0,0,0,0,0,0,0,0,0,0,0,0,0,0,0,0,0,0,0,0,0,0,0,0,0,0,0,0,0,0,0,0,0,5,1200,0,0,0,0,0,0,0,0,0,0,0,0,0,0,0,0,0,0,0,0,0,0,0,0,2400,10,6800,0,0,0,0
yune,track-b-product,jyut6ping3_mobile,session_create_select_destroy,,16,1,0,0,18,44100,0,0,0,0,400,6000,3300,400,1600,0,0,0,0,0,0,0,0,16,7,80,400,0,0,0,0,7,5,10,5700,0,0,0,0,0,0,10,0,0,0,10,3300,0,0,0,0,5,300,0,0,0,0,0,0,0,0,0,0,0,0,0,0,0,0,0,0,0,0,0,0,0,0,0,0,0,0,0,0,0,0,0,0,0,0,0,0,0,0,0,0,5,400,0,0,0,0,0,0,0,0,0,0,0,0,0,0,0,0,0,0,0,0,0,0,0,0,3300,10,5700,0,0,0,0
yune,track-b-product,jyut6ping3_mobile,session_create_select_destroy,,17,1,0,0,18,39300,0,0,0,0,700,6300,2700,800,900,0,0,0,0,0,0,0,0,16,7,80,400,0,0,0,0,7,5,10,5600,0,0,0,0,0,0,10,0,0,0,10,2300,0,0,0,0,5,300,0,0,0,0,0,0,0,0,0,0,0,0,0,0,0,0,0,0,0,0,0,0,0,0,0,0,0,0,0,0,0,0,0,0,0,0,0,0,0,0,0,0,5,800,0,0,0,0,0,0,0,0,0,0,0,0,0,0,0,0,0,0,0,0,0,0,0,0,2300,10,5600,0,0,0,0
yune,track-b-product,jyut6ping3_mobile,session_create_select_destroy,,18,1,0,0,18,34900,0,0,0,0,400,5100,2700,300,800,0,0,0,0,0,0,0,0,16,7,80,400,0,0,0,0,7,5,10,5700,0,0,0,0,0,0,10,0,0,0,10,2000,0,0,0,0,5,200,0,0,0,0,0,0,0,0,0,0,0,0,0,0,0,0,0,0,0,0,0,0,0,0,0,0,0,0,0,0,0,0,0,0,0,0,0,0,0,0,0,0,5,700,0,0,0,0,0,0,0,0,0,0,0,0,0,0,0,0,0,0,0,0,0,0,0,0,2000,10,5700,0,0,0,0
yune,track-b-product,jyut6ping3_mobile,session_create_select_destroy,,19,1,0,0,18,40800,0,0,0,0,500,7000,3700,300,1100,0,0,0,0,0,0,0,0,16,7,80,400,0,0,0,0,7,5,10,6400,0,0,0,0,0,0,10,0,0,0,10,2100,0,0,0,0,5,100,0,0,0,0,0,0,0,0,0,0,0,0,0,0,0,0,0,0,0,0,0,0,0,0,0,0,0,0,0,0,0,0,0,0,0,0,0,0,0,0,0,0,5,600,0,0,0,0,0,0,0,0,0,0,0,0,0,0,0,0,0,0,0,0,0,0,0,0,2100,10,6400,0,0,0,0
yune,track-b-product,jyut6ping3_mobile,session_create_select_destroy,,20,1,0,0,18,43000,0,0,0,0,700,5900,3200,300,1100,0,0,0,0,0,0,0,0,16,7,80,400,0,0,0,0,7,5,10,7200,0,0,0,0,0,0,10,0,0,0,10,1800,0,0,0,0,5,0,0,0,0,0,0,0,0,0,0,0,0,0,0,0,0,0,0,0,0,0,0,0,0,0,0,0,0,0,0,0,0,0,0,0,0,0,0,0,0,0,0,0,5,400,0,0,0,0,0,0,0,0,0,0,0,0,0,0,0,0,0,0,0,0,0,0,0,0,1800,10,7200,0,0,0,0
yune,track-b-product,jyut6ping3_mobile,session_create_select_destroy,,21,1,0,0,18,43200,0,0,0,0,600,5900,2500,600,600,0,0,0,0,0,0,0,0,16,7,80,400,0,0,0,0,7,5,10,7000,0,0,0,0,0,0,10,0,0,0,10,1900,0,0,0,0,5,100,0,0,0,0,0,0,0,0,0,0,0,0,0,0,0,0,0,0,0,0,0,0,0,0,0,0,0,0,0,0,0,0,0,0,0,0,0,0,0,0,0,0,5,800,0,0,0,0,0,0,0,0,0,0,0,0,0,0,0,0,0,0,0,0,0,0,0,0,1900,10,7000,0,0,0,0
yune,track-b-product,jyut6ping3_mobile,session_create_select_destroy,,22,1,0,0,18,32300,0,0,0,0,1000,4200,2600,200,500,0,0,0,0,0,0,0,0,16,7,80,400,0,0,0,0,7,5,10,5500,0,0,0,0,0,0,10,0,0,0,10,1600,0,0,0,0,5,0,0,0,0,0,0,0,0,0,0,0,0,0,0,0,0,0,0,0,0,0,0,0,0,0,0,0,0,0,0,0,0,0,0,0,0,0,0,0,0,0,0,0,5,400,0,0,0,0,0,0,0,0,0,0,0,0,0,0,0,0,0,0,0,0,0,0,0,0,1600,10,5500,0,0,0,0
yune,track-b-product,jyut6ping3_mobile,session_create_select_destroy,,23,1,0,0,18,40000,0,0,0,0,800,4400,2800,400,300,0,0,0,0,0,0,0,0,16,7,80,400,0,0,0,0,7,5,10,6500,0,0,0,0,0,0,10,0,0,0,10,2000,0,0,0,0,5,100,0,0,0,0,0,0,0,0,0,0,0,0,0,0,0,0,0,0,0,0,0,0,0,0,0,0,0,0,0,0,0,0,0,0,0,0,0,0,0,0,0,0,5,500,0,0,0,0,0,0,0,0,0,0,0,0,0,0,0,0,0,0,0,0,0,0,0,0,2000,10,6500,0,0,0,0
yune,track-b-product,jyut6ping3_mobile,session_create_select_destroy,,24,1,0,0,18,38700,0,0,0,0,700,4600,2800,600,500,0,0,0,0,0,0,0,0,16,7,80,400,0,0,0,0,7,5,10,5800,0,0,0,0,0,0,10,0,0,0,10,2400,0,0,0,0,5,700,0,0,0,0,0,0,0,0,0,0,0,0,0,0,0,0,0,0,0,0,0,0,0,0,0,0,0,0,0,0,0,0,0,0,0,0,0,0,0,0,0,0,5,300,0,0,0,0,0,0,0,0,0,0,0,0,0,0,0,0,0,0,0,0,0,0,0,0,2400,10,5800,0,0,0,0
yune,track-b-product,jyut6ping3_mobile,session_create_select_destroy,,25,1,0,0,18,42000,0,0,0,0,500,5700,4000,700,900,0,0,0,0,0,0,0,0,16,7,80,400,0,0,0,0,7,5,10,6500,0,0,0,0,0,0,10,0,0,0,10,2100,0,0,0,0,5,500,0,0,0,0,0,0,0,0,0,0,0,0,0,0,0,0,0,0,0,0,0,0,0,0,0,0,0,0,0,0,0,0,0,0,0,0,0,0,0,0,0,0,5,700,0,0,0,0,0,0,0,0,0,0,0,0,0,0,0,0,0,0,0,0,0,0,0,0,2100,10,6500,0,0,0,0
yune,track-b-product,jyut6ping3_mobile,session_create_select_destroy,,26,1,0,0,18,33700,0,0,0,0,800,3700,2700,700,600,0,0,0,0,0,0,0,0,16,7,80,400,0,0,0,0,7,5,10,5600,0,0,0,0,0,0,10,0,0,0,10,1700,0,0,0,0,5,400,0,0,0,0,0,0,0,0,0,0,0,0,0,0,0,0,0,0,0,0,0,0,0,0,0,0,0,0,0,0,0,0,0,0,0,0,0,0,0,0,0,0,5,600,0,0,0,0,0,0,0,0,0,0,0,0,0,0,0,0,0,0,0,0,0,0,0,0,1700,10,5600,0,0,0,0
yune,track-b-product,jyut6ping3_mobile,session_create_select_destroy,,27,1,0,0,18,44200,0,0,0,0,700,6200,4000,800,900,0,0,0,0,0,0,0,0,16,7,80,400,0,0,0,0,7,5,10,7400,0,0,0,0,0,0,10,0,0,0,10,2300,0,0,0,0,5,300,0,0,0,0,0,0,0,0,0,0,0,0,0,0,0,0,0,0,0,0,0,0,0,0,0,0,0,0,0,0,0,0,0,0,0,0,0,0,0,0,0,0,5,700,0,0,0,0,0,0,0,0,0,0,0,0,0,0,0,0,0,0,0,0,0,0,0,0,2300,10,7400,0,0,0,0
yune,track-b-product,jyut6ping3_mobile,session_create_select_destroy,,28,1,0,0,18,40500,0,0,0,0,600,5400,2200,900,700,0,0,0,0,0,0,0,0,16,7,80,400,0,0,0,0,7,5,10,6400,0,0,0,0,0,0,10,0,0,0,10,2000,0,0,0,0,5,500,0,0,0,0,0,0,0,0,0,0,0,0,0,0,0,0,0,0,0,0,0,0,0,0,0,0,0,0,0,0,0,0,0,0,0,0,0,0,0,0,0,0,5,400,0,0,0,0,0,0,0,0,0,0,0,0,0,0,0,0,0,0,0,0,0,0,0,0,2000,10,6400,0,0,0,0
yune,track-b-product,jyut6ping3_mobile,session_create_select_destroy,,29,1,0,0,18,38800,0,0,0,0,900,5100,2900,400,500,0,0,0,0,0,0,0,0,16,7,80,400,0,0,0,0,7,5,10,4900,0,0,0,0,0,0,10,0,0,0,10,2100,0,0,0,0,5,300,0,0,0,0,0,0,0,0,0,0,0,0,0,0,0,0,0,0,0,0,0,0,0,0,0,0,0,0,0,0,0,0,0,0,0,0,0,0,0,0,0,0,5,900,0,0,0,0,0,0,0,0,0,0,0,0,0,0,0,0,0,0,0,0,0,0,0,0,2100,10,4900,0,0,0,0
yune,track-b-product,jyut6ping3_mobile,session_create_select_destroy,,30,1,0,0,18,49300,0,0,0,0,300,6700,2800,500,300,0,0,0,0,0,0,0,0,16,7,80,400,0,0,0,0,7,5,10,7400,0,0,0,0,0,0,10,0,0,0,10,1700,0,0,0,0,5,300,0,0,0,0,0,0,0,0,0,0,0,0,0,0,0,0,0,0,0,0,0,0,0,0,0,0,0,0,0,0,0,0,0,0,0,0,0,0,0,0,0,0,5,700,0,0,0,0,0,0,0,0,0,0,0,0,0,0,0,0,0,0,0,0,0,0,0,0,1700,10,7400,0,0,0,0
yune,track-b-product,jyut6ping3_mobile,session_create_select_destroy,,31,1,0,0,18,31300,0,0,0,0,400,4400,3300,500,1100,0,0,0,0,0,0,0,0,16,7,80,400,0,0,0,0,7,5,10,5100,0,0,0,0,0,0,10,0,0,0,10,1900,0,0,0,0,5,400,0,0,0,0,0,0,0,0,0,0,0,0,0,0,0,0,0,0,0,0,0,0,0,0,0,0,0,0,0,0,0,0,0,0,0,0,0,0,0,0,0,0,5,400,0,0,0,0,0,0,0,0,0,0,0,0,0,0,0,0,0,0,0,0,0,0,0,0,1900,10,5100,0,0,0,0
yune,track-b-product,jyut6ping3_mobile,session_create_select_destroy,,32,1,0,0,18,39800,0,0,0,0,900,5500,2800,400,1200,0,0,0,0,0,0,0,0,16,7,80,400,0,0,0,0,7,5,10,9500,0,0,0,0,0,0,10,0,0,0,10,2400,0,0,0,0,5,100,0,0,0,0,0,0,0,0,0,0,0,0,0,0,0,0,0,0,0,0,0,0,0,0,0,0,0,0,0,0,0,0,0,0,0,0,0,0,0,0,0,0,5,400,0,0,0,0,0,0,0,0,0,0,0,0,0,0,0,0,0,0,0,0,0,0,0,0,2400,10,9500,0,0,0,0
yune,track-b-product,jyut6ping3_mobile,session_create_select_destroy,,33,1,0,0,18,36600,0,0,0,0,300,5500,3200,900,900,0,0,0,0,0,0,0,0,16,7,80,400,0,0,0,0,7,5,10,6200,0,0,0,0,0,0,10,0,0,0,10,1800,0,0,0,0,5,800,0,0,0,0,0,0,0,0,0,0,0,0,0,0,0,0,0,0,0,0,0,0,0,0,0,0,0,0,0,0,0,0,0,0,0,0,0,0,0,0,0,0,5,600,0,0,0,0,0,0,0,0,0,0,0,0,0,0,0,0,0,0,0,0,0,0,0,0,1800,10,6200,0,0,0,0
yune,track-b-product,jyut6ping3_mobile,session_create_select_destroy,,34,1,0,0,18,33300,0,0,0,0,500,4400,2500,200,700,0,0,0,0,0,0,0,0,16,7,80,400,0,0,0,0,7,5,10,6100,0,0,0,0,0,0,10,0,0,0,10,1800,0,0,0,0,5,100,0,0,0,0,0,0,0,0,0,0,0,0,0,0,0,0,0,0,0,0,0,0,0,0,0,0,0,0,0,0,0,0,0,0,0,0,0,0,0,0,0,0,5,200,0,0,0,0,0,0,0,0,0,0,0,0,0,0,0,0,0,0,0,0,0,0,0,0,1800,10,6100,0,0,0,0
yune,track-b-product,jyut6ping3_mobile,session_create_select_destroy,,35,1,0,0,18,45600,0,0,0,0,300,5800,2300,500,1000,0,0,0,0,0,0,0,0,16,7,80,400,0,0,0,0,7,5,10,6600,0,0,0,0,0,0,10,0,0,0,10,1800,0,0,0,0,5,1100,0,0,0,0,0,0,0,0,0,0,0,0,0,0,0,0,0,0,0,0,0,0,0,0,0,0,0,0,0,0,0,0,0,0,0,0,0,0,0,0,0,0,5,700,0,0,0,0,0,0,0,0,0,0,0,0,0,0,0,0,0,0,0,0,0,0,0,0,1800,10,6600,0,0,0,0
yune,track-b-product,jyut6ping3_mobile,session_create_select_destroy,,36,1,0,0,18,30800,0,0,0,0,700,4000,2800,500,300,0,0,0,0,0,0,0,0,16,7,80,400,0,0,0,0,7,5,10,5000,0,0,0,0,0,0,10,0,0,0,10,1500,0,0,0,0,5,100,0,0,0,0,0,0,0,0,0,0,0,0,0,0,0,0,0,0,0,0,0,0,0,0,0,0,0,0,0,0,0,0,0,0,0,0,0,0,0,0,0,0,5,400,0,0,0,0,0,0,0,0,0,0,0,0,0,0,0,0,0,0,0,0,0,0,0,0,1500,10,5000,0,0,0,0
yune,track-b-product,jyut6ping3_mobile,session_create_select_destroy,,37,1,0,0,18,39300,0,0,0,0,500,4700,2400,600,900,0,0,0,0,0,0,0,0,16,7,80,400,0,0,0,0,7,5,10,6100,0,0,0,0,0,0,10,0,0,0,10,1900,0,0,0,0,5,0,0,0,0,0,0,0,0,0,0,0,0,0,0,0,0,0,0,0,0,0,0,0,0,0,0,0,0,0,0,0,0,0,0,0,0,0,0,0,0,0,0,0,5,600,0,0,0,0,0,0,0,0,0,0,0,0,0,0,0,0,0,0,0,0,0,0,0,0,1900,10,6100,0,0,0,0
yune,track-b-product,jyut6ping3_mobile,session_create_select_destroy,,38,1,0,0,18,38800,0,0,0,0,800,4900,2600,300,900,0,0,0,0,0,0,0,0,16,7,80,400,0,0,0,0,7,5,10,6400,0,0,0,0,0,0,10,0,0,0,10,1800,0,0,0,0,5,400,0,0,0,0,0,0,0,0,0,0,0,0,0,0,0,0,0,0,0,0,0,0,0,0,0,0,0,0,0,0,0,0,0,0,0,0,0,0,0,0,0,0,5,600,0,0,0,0,0,0,0,0,0,0,0,0,0,0,0,0,0,0,0,0,0,0,0,0,1800,10,6400,0,0,0,0
yune,track-b-product,jyut6ping3_mobile,session_create_select_destroy,,39,1,0,0,18,39800,0,0,0,0,500,5100,3300,600,400,0,0,0,0,0,0,0,0,16,7,80,400,0,0,0,0,7,5,10,7100,0,0,0,0,0,0,10,0,0,0,10,2100,0,0,0,0,5,300,0,0,0,0,0,0,0,0,0,0,0,0,0,0,0,0,0,0,0,0,0,0,0,0,0,0,0,0,0,0,0,0,0,0,0,0,0,0,0,0,0,0,5,400,0,0,0,0,0,0,0,0,0,0,0,0,0,0,0,0,0,0,0,0,0,0,0,0,2100,10,7100,0,0,0,0
yune,track-b-product,jyut6ping3_mobile,session_create_select_destroy,,40,1,0,0,18,40600,0,0,0,0,200,5300,2600,800,500,0,0,0,0,0,0,0,0,16,7,80,400,0,0,0,0,7,5,10,5700,0,0,0,0,0,0,10,0,0,0,10,1700,0,0,0,0,5,400,0,0,0,0,0,0,0,0,0,0,0,0,0,0,0,0,0,0,0,0,0,0,0,0,0,0,0,0,0,0,0,0,0,0,0,0,0,0,0,0,0,0,5,1200,0,0,0,0,0,0,0,0,0,0,0,0,0,0,0,0,0,0,0,0,0,0,0,0,1700,10,5700,0,0,0,0
yune,track-b-product,jyut6ping3_mobile,session_create_select_destroy,,41,1,0,0,18,42600,0,0,0,0,500,5500,2900,800,500,0,0,0,0,0,0,0,0,16,7,80,400,0,0,0,0,7,5,10,5500,0,0,0,0,0,0,10,0,0,0,10,1600,0,0,0,0,5,300,0,0,0,0,0,0,0,0,0,0,0,0,0,0,0,0,0,0,0,0,0,0,0,0,0,0,0,0,0,0,0,0,0,0,0,0,0,0,0,0,0,0,5,400,0,0,0,0,0,0,0,0,0,0,0,0,0,0,0,0,0,0,0,0,0,0,0,0,1600,10,5500,0,0,0,0
yune,track-b-product,jyut6ping3_mobile,session_create_select_destroy,,42,1,0,0,18,40500,0,0,0,0,300,5100,2800,300,800,0,0,0,0,0,0,0,0,16,7,80,400,0,0,0,0,7,5,10,5700,0,0,0,0,0,0,10,0,0,0,10,2900,0,0,0,0,5,0,0,0,0,0,0,0,0,0,0,0,0,0,0,0,0,0,0,0,0,0,0,0,0,0,0,0,0,0,0,0,0,0,0,0,0,0,0,0,0,0,0,0,5,600,0,0,0,0,0,0,0,0,0,0,0,0,0,0,0,0,0,0,0,0,0,0,0,0,2900,10,5700,0,0,0,0
yune,track-b-product,jyut6ping3_mobile,session_create_select_destroy,,43,1,0,0,18,52100,0,0,0,0,500,7400,2400,800,1800,0,0,0,0,0,0,0,0,16,7,80,400,0,0,0,0,7,5,10,9100,0,0,0,0,0,0,10,0,0,0,10,2800,0,0,0,0,5,300,0,0,0,0,0,0,0,0,0,0,0,0,0,0,0,0,0,0,0,0,0,0,0,0,0,0,0,0,0,0,0,0,0,0,0,0,0,0,0,0,0,0,5,1200,0,0,0,0,0,0,0,0,0,0,0,0,0,0,0,0,0,0,0,0,0,0,0,0,2800,10,9100,0,0,0,0
yune,track-b-product,jyut6ping3_mobile,session_create_select_destroy,,44,1,0,0,18,43500,0,0,0,0,500,5700,2000,500,700,0,0,0,0,0,0,0,0,16,7,80,400,0,0,0,0,7,5,10,7800,0,0,0,0,0,0,10,0,0,0,10,2300,0,0,0,0,5,100,0,0,0,0,0,0,0,0,0,0,0,0,0,0,0,0,0,0,0,0,0,0,0,0,0,0,0,0,0,0,0,0,0,0,0,0,0,0,0,0,0,0,5,600,0,0,0,0,0,0,0,0,0,0,0,0,0,0,0,0,0,0,0,0,0,0,0,0,2300,10,7800,0,0,0,0
yune,track-b-product,jyut6ping3_mobile,session_create_select_destroy,,45,1,0,0,18,40600,0,0,0,0,700,4500,2700,400,500,0,0,0,0,0,0,0,0,16,7,80,400,0,0,0,0,7,5,10,5800,0,0,0,0,0,0,10,0,0,0,10,2500,0,0,0,0,5,300,0,0,0,0,0,0,0,0,0,0,0,0,0,0,0,0,0,0,0,0,0,0,0,0,0,0,0,0,0,0,0,0,0,0,0,0,0,0,0,0,0,0,5,900,0,0,0,0,0,0,0,0,0,0,0,0,0,0,0,0,0,0,0,0,0,0,0,0,2500,10,5800,0,0,0,0
yune,track-b-product,jyut6ping3_mobile,session_create_select_destroy,,46,1,0,0,18,49300,0,0,0,0,400,7600,3000,700,1100,0,0,0,0,0,0,0,0,16,7,80,400,0,0,0,0,7,5,10,7900,0,0,0,0,0,0,10,0,0,0,10,2600,0,0,0,0,5,600,0,0,0,0,0,0,0,0,0,0,0,0,0,0,0,0,0,0,0,0,0,0,0,0,0,0,0,0,0,0,0,0,0,0,0,0,0,0,0,0,0,0,5,900,0,0,0,0,0,0,0,0,0,0,0,0,0,0,0,0,0,0,0,0,0,0,0,0,2600,10,7900,0,0,0,0
yune,track-b-product,jyut6ping3_mobile,session_create_select_destroy,,47,1,0,0,18,43000,0,0,0,0,900,6200,2400,500,700,0,0,0,0,0,0,0,0,16,7,80,400,0,0,0,0,7,5,10,7400,0,0,0,0,0,0,10,0,0,0,10,2300,0,0,0,0,5,300,0,0,0,0,0,0,0,0,0,0,0,0,0,0,0,0,0,0,0,0,0,0,0,0,0,0,0,0,0,0,0,0,0,0,0,0,0,0,0,0,0,0,5,700,0,0,0,0,0,0,0,0,0,0,0,0,0,0,0,0,0,0,0,0,0,0,0,0,2300,10,7400,0,0,0,0
yune,track-b-product,jyut6ping3_mobile,session_create_select_destroy,,48,1,0,0,18,41600,0,0,0,0,300,6400,3100,600,300,0,0,0,0,0,0,0,0,16,7,80,400,0,0,0,0,7,5,10,6900,0,0,0,0,0,0,10,0,0,0,10,2200,0,0,0,0,5,200,0,0,0,0,0,0,0,0,0,0,0,0,0,0,0,0,0,0,0,0,0,0,0,0,0,0,0,0,0,0,0,0,0,0,0,0,0,0,0,0,0,0,5,600,0,0,0,0,0,0,0,0,0,0,0,0,0,0,0,0,0,0,0,0,0,0,0,0,2200,10,6900,0,0,0,0
yune,track-b-product,jyut6ping3_mobile,session_create_select_destroy,,49,1,0,0,18,40000,0,0,0,0,500,4600,3900,700,600,0,0,0,0,0,0,0,0,16,7,80,400,0,0,0,0,7,5,10,7300,0,0,0,0,0,0,10,0,0,0,10,1900,0,0,0,0,5,300,0,0,0,0,0,0,0,0,0,0,0,0,0,0,0,0,0,0,0,0,0,0,0,0,0,0,0,0,0,0,0,0,0,0,0,0,0,0,0,0,0,0,5,400,0,0,0,0,0,0,0,0,0,0,0,0,0,0,0,0,0,0,0,0,0,0,0,0,1900,10,7300,0,0,0,0
yune,track-b-product,jyut6ping3_mobile,session_create_select_destroy,,50,1,0,0,18,38900,0,0,0,0,700,4600,2300,600,1200,0,0,0,0,0,0,0,0,16,7,80,400,0,0,0,0,7,5,10,6500,0,0,0,0,0,0,10,0,0,0,10,2300,0,0,0,0,5,600,0,0,0,0,0,0,0,0,0,0,0,0,0,0,0,0,0,0,0,0,0,0,0,0,0,0,0,0,0,0,0,0,0,0,0,0,0,0,0,0,0,0,5,800,0,0,0,0,0,0,0,0,0,0,0,0,0,0,0,0,0,0,0,0,0,0,0,0,2300,10,6500,0,0,0,0
yune,track-b-product,jyut6ping3_mobile,session_create_select_destroy,,51,1,0,0,18,39100,0,0,0,0,600,5300,3400,700,800,0,0,0,0,0,0,0,0,16,7,80,400,0,0,0,0,7,5,10,5500,0,0,0,0,0,0,10,0,0,0,10,2100,0,0,0,0,5,400,0,0,0,0,0,0,0,0,0,0,0,0,0,0,0,0,0,0,0,0,0,0,0,0,0,0,0,0,0,0,0,0,0,0,0,0,0,0,0,0,0,0,5,500,0,0,0,0,0,0,0,0,0,0,0,0,0,0,0,0,0,0,0,0,0,0,0,0,2100,10,5500,0,0,0,0
yune,track-b-product,jyut6ping3_mobile,session_create_select_destroy,,52,1,0,0,18,37700,0,0,0,0,300,4400,2200,300,500,0,0,0,0,0,0,0,0,16,7,80,400,0,0,0,0,7,5,10,6100,0,0,0,0,0,0,10,0,0,0,10,2200,0,0,0,0,5,1000,0,0,0,0,0,0,0,0,0,0,0,0,0,0,0,0,0,0,0,0,0,0,0,0,0,0,0,0,0,0,0,0,0,0,0,0,0,0,0,0,0,0,5,400,0,0,0,0,0,0,0,0,0,0,0,0,0,0,0,0,0,0,0,0,0,0,0,0,2200,10,6100,0,0,0,0
yune,track-b-product,jyut6ping3_mobile,session_create_select_destroy,,53,1,0,0,18,40800,0,0,0,0,200,6200,2500,900,900,0,0,0,0,0,0,0,0,16,7,80,400,0,0,0,0,7,5,10,6000,0,0,0,0,0,0,10,0,0,0,10,2000,0,0,0,0,5,200,0,0,0,0,0,0,0,0,0,0,0,0,0,0,0,0,0,0,0,0,0,0,0,0,0,0,0,0,0,0,0,0,0,0,0,0,0,0,0,0,0,0,5,500,0,0,0,0,0,0,0,0,0,0,0,0,0,0,0,0,0,0,0,0,0,0,0,0,2000,10,6000,0,0,0,0
yune,track-b-product,jyut6ping3_mobile,session_create_select_destroy,,54,1,0,0,18,44100,0,0,0,0,500,5400,3100,1300,500,0,0,0,0,0,0,0,0,16,7,80,400,0,0,0,0,7,5,10,6400,0,0,0,0,0,0,10,0,0,0,10,2600,0,0,0,0,5,400,0,0,0,0,0,0,0,0,0,0,0,0,0,0,0,0,0,0,0,0,0,0,0,0,0,0,0,0,0,0,0,0,0,0,0,0,0,0,0,0,0,0,5,900,0,0,0,0,0,0,0,0,0,0,0,0,0,0,0,0,0,0,0,0,0,0,0,0,2600,10,6400,0,0,0,0
yune,track-b-product,jyut6ping3_mobile,session_create_select_destroy,,55,1,0,0,18,43900,0,0,0,0,500,5800,2600,700,800,0,0,0,0,0,0,0,0,16,7,80,400,0,0,0,0,7,5,10,6100,0,0,0,0,0,0,10,0,0,0,10,1700,0,0,0,0,5,600,0,0,0,0,0,0,0,0,0,0,0,0,0,0,0,0,0,0,0,0,0,0,0,0,0,0,0,0,0,0,0,0,0,0,0,0,0,0,0,0,0,0,5,900,0,0,0,0,0,0,0,0,0,0,0,0,0,0,0,0,0,0,0,0,0,0,0,0,1700,10,6100,0,0,0,0
yune,track-b-product,jyut6ping3_mobile,session_create_select_destroy,,56,1,0,0,18,41900,0,0,0,0,500,5500,3700,600,500,0,0,0,0,0,0,0,0,16,7,80,400,0,0,0,0,7,5,10,5800,0,0,0,0,0,0,10,0,0,0,10,2500,0,0,0,0,5,500,0,0,0,0,0,0,0,0,0,0,0,0,0,0,0,0,0,0,0,0,0,0,0,0,0,0,0,0,0,0,0,0,0,0,0,0,0,0,0,0,0,0,5,400,0,0,0,0,0,0,0,0,0,0,0,0,0,0,0,0,0,0,0,0,0,0,0,0,2500,10,5800,0,0,0,0
yune,track-b-product,jyut6ping3_mobile,session_create_select_destroy,,57,1,0,0,18,42700,0,0,0,0,700,5500,2400,700,600,0,0,0,0,0,0,0,0,16,7,80,400,0,0,0,0,7,5,10,6800,0,0,0,0,0,0,10,0,0,0,10,2000,0,0,0,0,5,300,0,0,0,0,0,0,0,0,0,0,0,0,0,0,0,0,0,0,0,0,0,0,0,0,0,0,0,0,0,0,0,0,0,0,0,0,0,0,0,0,0,0,5,600,0,0,0,0,0,0,0,0,0,0,0,0,0,0,0,0,0,0,0,0,0,0,0,0,2000,10,6800,0,0,0,0
yune,track-b-product,jyut6ping3_mobile,session_create_select_destroy,,58,1,0,0,18,41900,0,0,0,0,600,5600,2800,700,700,0,0,0,0,0,0,0,0,16,7,80,400,0,0,0,0,7,5,10,5800,0,0,0,0,0,0,10,0,0,0,10,2400,0,0,0,0,5,200,0,0,0,0,0,0,0,0,0,0,0,0,0,0,0,0,0,0,0,0,0,0,0,0,0,0,0,0,0,0,0,0,0,0,0,0,0,0,0,0,0,0,5,600,0,0,0,0,0,0,0,0,0,0,0,0,0,0,0,0,0,0,0,0,0,0,0,0,2400,10,5800,0,0,0,0
yune,track-b-product,jyut6ping3_mobile,session_create_select_destroy,,59,1,0,0,18,41800,0,0,0,0,400,6100,3200,300,1000,0,0,0,0,0,0,0,0,16,7,80,400,0,0,0,0,7,5,10,6600,0,0,0,0,0,0,10,0,0,0,10,2700,0,0,0,0,5,500,0,0,0,0,0,0,0,0,0,0,0,0,0,0,0,0,0,0,0,0,0,0,0,0,0,0,0,0,0,0,0,0,0,0,0,0,0,0,0,0,0,0,5,700,0,0,0,0,0,0,0,0,0,0,0,0,0,0,0,0,0,0,0,0,0,0,0,0,2700,10,6600,0,0,0,0
yune,track-b-product,jyut6ping3_mobile,key_sequence_process_with_context,neigojangingkeisatjinggoiziwunciucoenggeoizisyujapsinhojijung,0,61,61,20242700,183,19836800,20563,2266,84600,1852,9000,20200,219600,1400,31900,1852,0,301,61,118500,301,61,15500,61,0,305,1525,4,120,85,5612,0,57,4137,1466800,6313,118,1128200,5798,0,0,4137,118,0,0,11001,621400,17903,724,69884,40700,57,13181000,23708,22624,9767100,8334,1118,224100,45,8379,8379,1380,0,37,57,0,0,0,0,0,0,0,0,0,0,0,0,0,0,0,0,0,0,0,0,0,0,0,0,0,0,0,0,0,58,5223600,6312,1740,0,0,0,0,0,0,0,0,0,0,0,0,0,0,0,0,0,0,0,0,0,4716,53700,119,22400,118,1128200,62,113000
yune,track-b-product,jyut6ping3_mobile,key_sequence_process_with_context,neigojangingkeisatjinggoiziwunciucoenggeoizisyujapsinhojijung,1,61,61,20558000,183,20126500,20563,2266,86800,1852,10700,21700,224200,1800,36200,1852,0,301,61,121900,301,61,15300,61,0,305,1525,4,120,85,5612,0,57,4137,1481200,6313,118,1100400,5798,0,0,4137,118,0,0,11001,640300,17903,724,69884,40600,57,13449200,23708,22624,9960900,8334,1118,229800,45,8379,8379,1380,0,37,57,0,0,0,0,0,0,0,0,0,0,0,0,0,0,0,0,0,0,0,0,0,0,0,0,0,0,0,0,0,58,5259400,6312,1740,0,0,0,0,0,0,0,0,0,0,0,0,0,0,0,0,0,0,0,0,0,4716,55200,119,22900,118,1100400,62,112700
yune,track-b-product,jyut6ping3_mobile,key_sequence_process_with_context,neigojangingkeisatjinggoiziwunciucoenggeoizisyujapsinhojijung,2,61,61,20490300,183,20062900,20563,2266,82700,1852,10000,21100,226900,1700,34900,1852,0,301,61,123600,301,61,15500,61,0,305,1525,4,120,85,5612,0,57,4137,1446400,6313,118,1134200,5798,0,0,4137,118,0,0,11001,669600,17903,724,69884,40600,57,13412700,23708,22624,9921300,8334,1118,222300,45,8379,8379,1380,0,37,57,0,0,0,0,0,0,0,0,0,0,0,0,0,0,0,0,0,0,0,0,0,0,0,0,0,0,0,0,0,58,5204100,6312,1740,0,0,0,0,0,0,0,0,0,0,0,0,0,0,0,0,0,0,0,0,0,4716,53300,119,21300,118,1134200,62,114500
yune,track-b-product,jyut6ping3_mobile,key_sequence_process_with_context,neigojangingkeisatjinggoiziwunciucoenggeoizisyujapsinhojijung,3,61,61,20041100,183,19626500,20563,2266,79400,1852,8400,20000,223800,1500,32900,1852,0,301,61,120800,301,61,14900,61,0,305,1525,4,120,85,5612,0,57,4137,1444000,6313,118,1092400,5798,0,0,4137,118,0,0,11001,618900,17903,724,69884,38700,57,13065000,23708,22624,9661900,8334,1118,221800,45,8379,8379,1380,0,37,57,0,0,0,0,0,0,0,0,0,0,0,0,0,0,0,0,0,0,0,0,0,0,0,0,0,0,0,0,0,58,5159500,6312,1740,0,0,0,0,0,0,0,0,0,0,0,0,0,0,0,0,0,0,0,0,0,4716,54200,119,22300,118,1092400,62,116200
yune,track-b-product,jyut6ping3_mobile,key_sequence_process_with_context,neigojangingkeisatjinggoiziwunciucoenggeoizisyujapsinhojijung,4,61,61,20369600,183,19931000,20563,2266,82800,1852,10400,21600,233800,1500,35200,1852,0,301,61,122400,301,61,16500,61,0,305,1525,4,120,85,5612,0,57,4137,1464800,6313,118,1107500,5798,0,0,4137,118,0,0,11001,623400,17903,724,69884,38900,57,13240800,23708,22624,9840300,8334,1118,219500,45,8379,8379,1380,0,37,57,0,0,0,0,0,0,0,0,0,0,0,0,0,0,0,0,0,0,0,0,0,0,0,0,0,0,0,0,0,58,5267800,6312,1740,0,0,0,0,0,0,0,0,0,0,0,0,0,0,0,0,0,0,0,0,0,4716,55500,119,22500,118,1107500,62,114500
yune,track-b-product,jyut6ping3_mobile,key_sequence_process_with_context,neigojangingkeisatjinggoiziwunciucoenggeoizisyujapsinhojijung,5,61,61,19810000,183,19398900,20563,2266,78300,1852,8800,20000,222000,1400,35500,1852,0,301,61,116000,301,61,15000,61,0,305,1525,4,120,85,5612,0,57,4137,1434300,6313,118,1097900,5798,0,0,4137,118,0,0,11001,578100,17903,724,69884,39500,57,12898700,23708,22624,9559900,8334,1118,217700,45,8379,8379,1380,0,37,57,0,0,0,0,0,0,0,0,0,0,0,0,0,0,0,0,0,0,0,0,0,0,0,0,0,0,0,0,0,58,5099700,6312,1740,0,0,0,0,0,0,0,0,0,0,0,0,0,0,0,0,0,0,0,0,0,4716,53400,119,21600,118,1097900,62,114300
yune,track-b-product,jyut6ping3_mobile,key_sequence_process_with_context,neigojangingkeisatjinggoiziwunciucoenggeoizisyujapsinhojijung,6,61,61,19724000,183,19326300,20563,2266,83700,1852,7900,19500,215200,1300,31500,1852,0,301,61,115000,301,61,14500,61,0,305,1525,4,120,85,5612,0,57,4137,1429000,6313,118,1097300,5798,0,0,4137,118,0,0,11001,593200,17903,724,69884,35900,57,12865300,23708,22624,9539500,8334,1118,217000,45,8379,8379,1380,0,37,57,0,0,0,0,0,0,0,0,0,0,0,0,0,0,0,0,0,0,0,0,0,0,0,0,0,0,0,0,0,58,5058300,6312,1740,0,0,0,0,0,0,0,0,0,0,0,0,0,0,0,0,0,0,0,0,0,4716,52500,119,22100,118,1097300,62,114100
yune,track-b-product,jyut6ping3_mobile,key_sequence_process_with_context,neigojangingkeisatjinggoiziwunciucoenggeoizisyujapsinhojijung,7,61,61,19784800,183,19388000,20563,2266,83400,1852,7900,19700,214500,1100,31700,1852,0,301,61,114600,301,61,14700,61,0,305,1525,4,120,85,5612,0,57,4137,1433600,6313,118,1080100,5798,0,0,4137,118,0,0,11001,587900,17903,724,69884,35900,57,12919700,23708,22624,9567100,8334,1118,219100,45,8379,8379,1380,0,37,57,0,0,0,0,0,0,0,0,0,0,0,0,0,0,0,0,0,0,0,0,0,0,0,0,0,0,0,0,0,58,5089400,6312,1740,0,0,0,0,0,0,0,0,0,0,0,0,0,0,0,0,0,0,0,0,0,4716,50800,119,21200,118,1080100,62,112700
yune,track-b-product,jyut6ping3_mobile,key_sequence_process_with_context,neigojangingkeisatjinggoiziwunciucoenggeoizisyujapsinhojijung,8,61,61,19661600,183,19265100,20563,2266,81800,1852,8800,18700,212800,1100,31500,1852,0,301,61,113800,301,61,14600,61,0,305,1525,4,120,85,5612,0,57,4137,1431300,6313,118,1078300,5798,0,0,4137,118,0,0,11001,572400,17903,724,69884,38000,57,12780600,23708,22624,9449000,8334,1118,217400,45,8379,8379,1380,0,37,57,0,0,0,0,0,0,0,0,0,0,0,0,0,0,0,0,0,0,0,0,0,0,0,0,0,0,0,0,0,58,5108400,6312,1740,0,0,0,0,0,0,0,0,0,0,0,0,0,0,0,0,0,0,0,0,0,4716,50400,119,22200,118,1078300,62,112800
yune,track-b-product,jyut6ping3_mobile,key_sequence_process_with_context,neigojangingkeisatjinggoiziwunciucoenggeoizisyujapsinhojijung,9,61,61,19804200,183,19399900,20563,2266,86200,1852,9000,19800,220400,1800,31700,1852,0,301,61,115300,301,61,14600,61,0,305,1525,4,120,85,5612,0,57,4137,1442800,6313,118,1119000,5798,0,0,4137,118,0,0,11001,608800,17903,724,69884,36000,57,12886500,23708,22624,9545800,8334,1118,215300,45,8379,8379,1380,0,37,57,0,0,0,0,0,0,0,0,0,0,0,0,0,0,0,0,0,0,0,0,0,0,0,0,0,0,0,0,0,58,5092400,6312,1740,0,0,0,0,0,0,0,0,0,0,0,0,0,0,0,0,0,0,0,0,0,4716,52300,119,21300,118,1119000,62,111100
yune,track-b-product,jyut6ping3_mobile,key_sequence_process_with_context,neigojangingkeisatjinggoiziwunciucoenggeoizisyujapsinhojijung,10,61,61,20718100,183,20277600,20563,2266,84200,1852,10900,22000,228700,2000,36600,1852,0,301,61,123900,301,61,16400,61,0,305,1525,4,120,85,5612,0,57,4137,1493000,6313,118,1116000,5798,0,0,4137,118,0,0,11001,618300,17903,724,69884,40500,57,13498200,23708,22624,10110000,8334,1118,225600,45,8379,8379,1380,0,37,57,0,0,0,0,0,0,0,0,0,0,0,0,0,0,0,0,0,0,0,0,0,0,0,0,0,0,0,0,0,58,5349200,6312,1740,0,0,0,0,0,0,0,0,0,0,0,0,0,0,0,0,0,0,0,0,0,4716,53400,119,21600,118,1116000,62,110500
yune,track-b-product,jyut6ping3_mobile,key_sequence_process_with_context,neigojangingkeisatjinggoiziwunciucoenggeoizisyujapsinhojijung,11,61,61,20779400,183,20331700,20563,2266,82900,1852,10000,21700,233600,2200,37000,1852,0,301,61,127900,301,61,16300,61,0,305,1525,4,120,85,5612,0,57,4137,1537100,6313,118,1112800,5798,0,0,4137,118,0,0,11001,623200,17903,724,69884,39800,57,13492500,23708,22624,10050600,8334,1118,243100,45,8379,8379,1380,0,37,57,0,0,0,0,0,0,0,0,0,0,0,0,0,0,0,0,0,0,0,0,0,0,0,0,0,0,0,0,0,58,5409400,6312,1740,0,0,0,0,0,0,0,0,0,0,0,0,0,0,0,0,0,0,0,0,0,4716,51200,119,21800,118,1112800,62,113500
yune,track-b-product,jyut6ping3_mobile,key_sequence_process_with_context,neigojangingkeisatjinggoiziwunciucoenggeoizisyujapsinhojijung,12,61,61,19824800,183,19421600,20563,2266,83000,1852,8200,19300,220700,1700,32200,1852,0,301,61,116300,301,61,14200,61,0,305,1525,4,120,85,5612,0,57,4137,1472700,6313,118,1100700,5798,0,0,4137,118,0,0,11001,588000,17903,724,69884,38600,57,12907000,23708,22624,9553800,8334,1118,222800,45,8379,8379,1380,0,37,57,0,0,0,0,0,0,0,0,0,0,0,0,0,0,0,0,0,0,0,0,0,0,0,0,0,0,0,0,0,58,5112400,6312,1740,0,0,0,0,0,0,0,0,0,0,0,0,0,0,0,0,0,0,0,0,0,4716,51300,119,22200,118,1100700,62,113400
yune,track-b-product,jyut6ping3_mobile,key_sequence_process_with_context,neigojangingkeisatjinggoiziwunciucoenggeoizisyujapsinhojijung,13,61,61,20236500,183,19825200,20563,2266,84800,1852,9700,20100,227100,900,30200,1852,0,301,61,120900,301,61,14600,61,0,305,1525,4,120,85,5612,0,57,4137,1472500,6313,118,1114400,5798,0,0,4137,118,0,0,11001,622500,17903,724,69884,37800,57,13227800,23708,22624,9879300,8334,1118,227100,45,8379,8379,1380,0,37,57,0,0,0,0,0,0,0,0,0,0,0,0,0,0,0,0,0,0,0,0,0,0,0,0,0,0,0,0,0,58,5181100,6312,1740,0,0,0,0,0,0,0,0,0,0,0,0,0,0,0,0,0,0,0,0,0,4716,51500,119,21200,118,1114400,62,114500
yune,track-b-product,jyut6ping3_mobile,key_sequence_process_with_context,neigojangingkeisatjinggoiziwunciucoenggeoizisyujapsinhojijung,14,61,61,19774300,183,19377700,20563,2266,84900,1852,10100,19300,217300,1900,30700,1852,0,301,61,116400,301,61,14100,61,0,305,1525,4,120,85,5612,0,57,4137,1453000,6313,118,1077000,5798,0,0,4137,118,0,0,11001,593900,17903,724,69884,36300,57,12878200,23708,22624,9518100,8334,1118,224500,45,8379,8379,1380,0,37,57,0,0,0,0,0,0,0,0,0,0,0,0,0,0,0,0,0,0,0,0,0,0,0,0,0,0,0,0,0,58,5100300,6312,1740,0,0,0,0,0,0,0,0,0,0,0,0,0,0,0,0,0,0,0,0,0,4716,50100,119,24900,118,1077000,62,134400
yune,track-b-product,jyut6ping3_mobile,key_sequence_process_with_context,neigojangingkeisatjinggoiziwunciucoenggeoizisyujapsinhojijung,15,61,61,19720900,183,19321100,20563,2266,93500,1852,9900,19200,216200,1800,31500,1852,0,301,61,114300,301,61,15300,61,0,305,1525,4,120,85,5612,0,57,4137,1430600,6313,118,1097300,5798,0,0,4137,118,0,0,11001,587700,17903,724,69884,34100,57,12861800,23708,22624,9496300,8334,1118,221400,45,8379,8379,1380,0,37,57,0,0,0,0,0,0,0,0,0,0,0,0,0,0,0,0,0,0,0,0,0,0,0,0,0,0,0,0,0,58,5069200,6312,1740,0,0,0,0,0,0,0,0,0,0,0,0,0,0,0,0,0,0,0,0,0,4716,48800,119,21300,118,1097300,62,110700
yune,track-b-product,jyut6ping3_mobile,key_sequence_process_with_context,neigojangingkeisatjinggoiziwunciucoenggeoizisyujapsinhojijung,16,61,61,19732500,183,19330100,20563,2266,86500,1852,9700,20100,219200,1300,31800,1852,0,301,61,115900,301,61,14900,61,0,305,1525,4,120,85,5612,0,57,4137,1441800,6313,118,1112000,5798,0,0,4137,118,0,0,11001,587100,17903,724,69884,37900,57,12861100,23708,22624,9511200,8334,1118,222700,45,8379,8379,1380,0,37,57,0,0,0,0,0,0,0,0,0,0,0,0,0,0,0,0,0,0,0,0,0,0,0,0,0,0,0,0,0,58,5065400,6312,1740,0,0,0,0,0,0,0,0,0,0,0,0,0,0,0,0,0,0,0,0,0,4716,47300,119,22000,118,1112000,62,112300
yune,track-b-product,jyut6ping3_mobile,key_sequence_process_with_context,neigojangingkeisatjinggoiziwunciucoenggeoizisyujapsinhojijung,17,61,61,19977900,183,19566800,20563,2266,85000,1852,10900,19700,224500,1500,33500,1852,0,301,61,115600,301,61,13900,61,0,305,1525,4,120,85,5612,0,57,4137,1463500,6313,118,1110800,5798,0,0,4137,118,0,0,11001,599700,17903,724,69884,36500,57,13027300,23708,22624,9668600,8334,1118,226900,45,8379,8379,1380,0,37,57,0,0,0,0,0,0,0,0,0,0,0,0,0,0,0,0,0,0,0,0,0,0,0,0,0,0,0,0,0,58,5134800,6312,1740,0,0,0,0,0,0,0,0,0,0,0,0,0,0,0,0,0,0,0,0,0,4716,48000,119,21300,118,1110800,62,133300
yune,track-b-product,jyut6ping3_mobile,key_sequence_process_with_context,neigojangingkeisatjinggoiziwunciucoenggeoizisyujapsinhojijung,18,61,61,19843200,183,19445900,20563,2266,86500,1852,10100,19200,215300,2400,31600,1852,0,301,61,114600,301,61,14600,61,0,305,1525,4,120,85,5612,0,57,4137,1442900,6313,118,1107500,5798,0,0,4137,118,0,0,11001,595600,17903,724,69884,35700,57,12938900,23708,22624,9575300,8334,1118,221800,45,8379,8379,1380,0,37,57,0,0,0,0,0,0,0,0,0,0,0,0,0,0,0,0,0,0,0,0,0,0,0,0,0,0,0,0,0,58,5105700,6312,1740,0,0,0,0,0,0,0,0,0,0,0,0,0,0,0,0,0,0,0,0,0,4716,48600,119,21000,118,1107500,62,113200
yune,track-b-product,jyut6ping3_mobile,key_sequence_process_with_context,neigojangingkeisatjinggoiziwunciucoenggeoizisyujapsinhojijung,19,61,61,19912800,183,19514200,20563,2266,84600,1852,10500,19300,217100,1000,30800,1852,0,301,61,116000,301,61,14700,61,0,305,1525,4,120,85,5612,0,57,4137,1441900,6313,118,1103700,5798,0,0,4137,118,0,0,11001,598800,17903,724,69884,37200,57,13024400,23708,22624,9660900,8334,1118,222600,45,8379,8379,1380,0,37,57,0,0,0,0,0,0,0,0,0,0,0,0,0,0,0,0,0,0,0,0,0,0,0,0,0,0,0,0,0,58,5088900,6312,1740,0,0,0,0,0,0,0,0,0,0,0,0,0,0,0,0,0,0,0,0,0,4716,48700,119,21400,118,1103700,62,112400
yune,track-b-product,jyut6ping3_mobile,key_sequence_process_with_context,neigojangingkeisatjinggoiziwunciucoenggeoizisyujapsinhojijung,20,61,61,19840500,183,19442200,20563,2266,86200,1852,9900,19700,217100,1500,30500,1852,0,301,61,118600,301,61,14200,61,0,305,1525,4,120,85,5612,0,57,4137,1442500,6313,118,1100000,5798,0,0,4137,118,0,0,11001,602200,17903,724,69884,36200,57,12963700,23708,22624,9610800,8334,1118,225300,45,8379,8379,1380,0,37,57,0,0,0,0,0,0,0,0,0,0,0,0,0,0,0,0,0,0,0,0,0,0,0,0,0,0,0,0,0,58,5080800,6312,1740,0,0,0,0,0,0,0,0,0,0,0,0,0,0,0,0,0,0,0,0,0,4716,51500,119,21300,118,1100000,62,112200
yune,track-b-product,jyut6ping3_mobile,key_sequence_process_with_context,neigojangingkeisatjinggoiziwunciucoenggeoizisyujapsinhojijung,21,61,61,19931800,183,19528600,20563,2266,85100,1852,10400,20500,215600,1400,30400,1852,0,301,61,118400,301,61,14800,61,0,305,1525,4,120,85,5612,0,57,4137,1448000,6313,118,1078500,5798,0,0,4137,118,0,0,11001,631200,17903,724,69884,36000,57,13046700,23708,22624,9702100,8334,1118,225000,45,8379,8379,1380,0,37,57,0,0,0,0,0,0,0,0,0,0,0,0,0,0,0,0,0,0,0,0,0,0,0,0,0,0,0,0,0,58,5105500,6312,1740,0,0,0,0,0,0,0,0,0,0,0,0,0,0,0,0,0,0,0,0,0,4716,49300,119,21500,118,1078500,62,110400
yune,track-b-product,jyut6ping3_mobile,key_sequence_process_with_context,neigojangingkeisatjinggoiziwunciucoenggeoizisyujapsinhojijung,22,61,61,19625200,183,19222300,20563,2266,89300,1852,9800,19600,219400,1500,30000,1852,0,301,61,115400,301,61,14900,61,0,305,1525,4,120,85,5612,0,57,4137,1443000,6313,118,1113900,5798,0,0,4137,118,0,0,11001,588300,17903,724,69884,38000,57,12772500,23708,22624,9430600,8334,1118,218900,45,8379,8379,1380,0,37,57,0,0,0,0,0,0,0,0,0,0,0,0,0,0,0,0,0,0,0,0,0,0,0,0,0,0,0,0,0,58,5033800,6312,1740,0,0,0,0,0,0,0,0,0,0,0,0,0,0,0,0,0,0,0,0,0,4716,56200,119,20600,118,1113900,62,110600
yune,track-b-product,jyut6ping3_mobile,key_sequence_process_with_context,neigojangingkeisatjinggoiziwunciucoenggeoizisyujapsinhojijung,23,61,61,19602000,183,19205300,20563,2266,84200,1852,9900,19600,214900,1400,30200,1852,0,301,61,114600,301,61,15200,61,0,305,1525,4,120,85,5612,0,57,4137,1433300,6313,118,1144700,5798,0,0,4137,118,0,0,11001,581100,17903,724,69884,36800,57,12724100,23708,22624,9379400,8334,1118,216700,45,8379,8379,1380,0,37,57,0,0,0,0,0,0,0,0,0,0,0,0,0,0,0,0,0,0,0,0,0,0,0,0,0,0,0,0,0,58,5038900,6312,1740,0,0,0,0,0,0,0,0,0,0,0,0,0,0,0,0,0,0,0,0,0,4716,47900,119,20200,118,1144700,62,110100
yune,track-b-product,jyut6ping3_mobile,key_sequence_process_with_context,neigojangingkeisatjinggoiziwunciucoenggeoizisyujapsinhojijung,24,61,61,19502600,183,19107200,20563,2266,80300,1852,10000,19400,215700,900,30400,1852,0,301,61,114600,301,61,13800,61,0,305,1525,4,120,85,5612,0,57,4137,1423000,6313,118,1084600,5798,0,0,4137,118,0,0,11001,572900,17903,724,69884,34100,57,12695200,23708,22624,9363400,8334,1118,219400,45,8379,8379,1380,0,37,57,0,0,0,0,0,0,0,0,0,0,0,0,0,0,0,0,0,0,0,0,0,0,0,0,0,0,0,0,0,58,5029400,6312,1740,0,0,0,0,0,0,0,0,0,0,0,0,0,0,0,0,0,0,0,0,0,4716,49300,119,21500,118,1084600,62,112400
yune,track-b-product,jyut6ping3_mobile,key_sequence_process_with_context,neigojangingkeisatjinggoiziwunciucoenggeoizisyujapsinhojijung,25,61,61,19494200,183,19087000,20563,2266,89300,1852,10400,19300,223600,1700,30700,1852,0,301,61,122100,301,61,14200,61,0,305,1525,4,120,85,5612,0,57,4137,1421300,6313,118,1070500,5798,0,0,4137,118,0,0,11001,575100,17903,724,69884,36100,57,12707100,23708,22624,9403600,8334,1118,216700,45,8379,8379,1380,0,37,57,0,0,0,0,0,0,0,0,0,0,0,0,0,0,0,0,0,0,0,0,0,0,0,0,0,0,0,0,0,58,5015000,6312,1740,0,0,0,0,0,0,0,0,0,0,0,0,0,0,0,0,0,0,0,0,0,4716,51000,119,20600,118,1070500,62,108800
yune,track-b-product,jyut6ping3_mobile,key_sequence_process_with_context,neigojangingkeisatjinggoiziwunciucoenggeoizisyujapsinhojijung,26,61,61,19778700,183,19377800,20563,2266,83700,1852,11000,20200,219200,1600,31700,1852,0,301,61,113600,301,61,14100,61,0,305,1525,4,120,85,5612,0,57,4137,1440400,6313,118,1068800,5798,0,0,4137,118,0,0,11001,584000,17903,724,69884,37700,57,12935900,23708,22624,9627900,8334,1118,222300,45,8379,8379,1380,0,37,57,0,0,0,0,0,0,0,0,0,0,0,0,0,0,0,0,0,0,0,0,0,0,0,0,0,0,0,0,0,58,5071200,6312,1740,0,0,0,0,0,0,0,0,0,0,0,0,0,0,0,0,0,0,0,0,0,4716,54200,119,20100,118,1068800,62,112100
yune,track-b-product,jyut6ping3_mobile,key_sequence_process_with_context,neigojangingkeisatjinggoiziwunciucoenggeoizisyujapsinhojijung,27,61,61,19834100,183,19417100,20563,2266,85500,1852,11300,21200,223700,1400,33800,1852,0,301,61,115200,301,61,14600,61,0,305,1525,4,120,85,5612,0,57,4137,1435100,6313,118,1055300,5798,0,0,4137,118,0,0,11001,580000,17903,724,69884,37800,57,12980200,23708,22624,9646400,8334,1118,228500,45,8379,8379,1380,0,37,57,0,0,0,0,0,0,0,0,0,0,0,0,0,0,0,0,0,0,0,0,0,0,0,0,0,0,0,0,0,58,5083100,6312,1740,0,0,0,0,0,0,0,0,0,0,0,0,0,0,0,0,0,0,0,0,0,4716,47900,119,20500,118,1055300,62,109000
yune,track-b-product,jyut6ping3_mobile,key_sequence_process_with_context,neigojangingkeisatjinggoiziwunciucoenggeoizisyujapsinhojijung,28,61,61,19573200,183,19163800,20563,2266,84000,1852,10400,19400,223600,1400,32500,1852,0,301,61,113800,301,61,14200,61,0,305,1525,4,120,85,5612,0,57,4137,1425800,6313,118,1071100,5798,0,0,4137,118,0,0,11001,573700,17903,724,69884,38000,57,12755700,23708,22624,9397700,8334,1118,210200,45,8379,8379,1380,0,37,57,0,0,0,0,0,0,0,0,0,0,0,0,0,0,0,0,0,0,0,0,0,0,0,0,0,0,0,0,0,58,5042700,6312,1740,0,0,0,0,0,0,0,0,0,0,0,0,0,0,0,0,0,0,0,0,0,4716,47900,119,21100,118,1071100,62,111500
yune,track-b-product,jyut6ping3_mobile,key_sequence_process_with_context,neigojangingkeisatjinggoiziwunciucoenggeoizisyujapsinhojijung,29,61,61,20899400,183,20448100,20563,2266,89500,1852,6700,24000,237700,1100,37500,1852,0,301,61,125800,301,61,16800,61,0,305,1525,4,120,85,5612,0,57,4137,1573300,6313,118,1073000,5798,0,0,4137,118,0,0,11001,612800,17903,724,69884,37100,57,13610500,23708,22624,10167400,8334,1118,221300,45,8379,8379,1380,0,37,57,0,0,0,0,0,0,0,0,0,0,0,0,0,0,0,0,0,0,0,0,0,0,0,0,0,0,0,0,0,58,5437700,6312,1740,0,0,0,0,0,0,0,0,0,0,0,0,0,0,0,0,0,0,0,0,0,4716,47600,119,22400,118,1073000,62,109700
yune,track-b-product,jyut6ping3_mobile,key_sequence_process_with_context,neigojangingkeisatjinggoiziwunciucoenggeoizisyujapsinhojijung,30,61,61,19718900,183,19306900,20563,2266,83400,1852,4500,19800,227300,2200,37600,1852,0,301,61,113300,301,61,14600,61,0,305,1525,4,120,85,5612,0,57,4137,1445400,6313,118,1113600,5798,0,0,4137,118,0,0,11001,615100,17903,724,69884,36700,57,12821600,23708,22624,9488800,8334,1118,214300,45,8379,8379,1380,0,37,57,0,0,0,0,0,0,0,0,0,0,0,0,0,0,0,0,0,0,0,0,0,0,0,0,0,0,0,0,0,58,5053000,6312,1740,0,0,0,0,0,0,0,0,0,0,0,0,0,0,0,0,0,0,0,0,0,4716,72000,119,20300,118,1113600,62,112300
yune,track-b-product,jyut6ping3_mobile,key_sequence_process_with_context,neigojangingkeisatjinggoiziwunciucoenggeoizisyujapsinhojijung,31,61,61,19825100,183,19413700,20563,2266,88000,1852,9300,19600,221800,1400,30800,1852,0,301,61,113800,301,61,15400,61,0,305,1525,4,120,85,5612,0,57,4137,1443900,6313,118,1111200,5798,0,0,4137,118,0,0,11001,572300,17903,724,69884,35400,57,12920500,23708,22624,9558600,8334,1118,216600,45,8379,8379,1380,0,37,57,0,0,0,0,0,0,0,0,0,0,0,0,0,0,0,0,0,0,0,0,0,0,0,0,0,0,0,0,0,58,5079800,6312,1740,0,0,0,0,0,0,0,0,0,0,0,0,0,0,0,0,0,0,0,0,0,4716,54800,119,21000,118,1111200,62,109600
yune,track-b-product,jyut6ping3_mobile,key_sequence_process_with_context,neigojangingkeisatjinggoiziwunciucoenggeoizisyujapsinhojijung,32,61,61,19908600,183,19501200,20563,2266,83300,1852,5500,19800,227000,1300,30800,1852,0,301,61,113100,301,61,15400,61,0,305,1525,4,120,85,5612,0,57,4137,1452100,6313,118,1085300,5798,0,0,4137,118,0,0,11001,602800,17903,724,69884,37300,57,13029800,23708,22624,9680100,8334,1118,218400,45,8379,8379,1380,0,37,57,0,0,0,0,0,0,0,0,0,0,0,0,0,0,0,0,0,0,0,0,0,0,0,0,0,0,0,0,0,58,5086700,6312,1740,0,0,0,0,0,0,0,0,0,0,0,0,0,0,0,0,0,0,0,0,0,4716,52100,119,21700,118,1085300,62,115300
yune,track-b-product,jyut6ping3_mobile,key_sequence_process_with_context,neigojangingkeisatjinggoiziwunciucoenggeoizisyujapsinhojijung,33,61,61,19734700,183,19332200,20563,2266,84300,1852,5900,19500,225800,1800,30600,1852,0,301,61,113500,301,61,15100,61,0,305,1525,4,120,85,5612,0,57,4137,1445600,6313,118,1078200,5798,0,0,4137,118,0,0,11001,588900,17903,724,69884,36000,57,12872200,23708,22624,9532300,8334,1118,217500,45,8379,8379,1380,0,37,57,0,0,0,0,0,0,0,0,0,0,0,0,0,0,0,0,0,0,0,0,0,0,0,0,0,0,0,0,0,58,5082000,6312,1740,0,0,0,0,0,0,0,0,0,0,0,0,0,0,0,0,0,0,0,0,0,4716,48900,119,21100,118,1078200,62,112500
yune,track-b-product,jyut6ping3_mobile,key_sequence_process_with_context,neigojangingkeisatjinggoiziwunciucoenggeoizisyujapsinhojijung,34,61,61,20288800,183,19834000,20563,2266,83400,1852,5900,24700,252000,800,34400,1852,0,301,61,123100,301,61,15100,61,0,305,1525,4,120,85,5612,0,57,4137,1484400,6313,118,1150200,5798,0,0,4137,118,0,0,11001,612500,17903,724,69884,39600,57,13104800,23708,22624,9721300,8334,1118,222300,45,8379,8379,1380,0,37,57,0,0,0,0,0,0,0,0,0,0,0,0,0,0,0,0,0,0,0,0,0,0,0,0,0,0,0,0,0,58,5256700,6312,1740,0,0,0,0,0,0,0,0,0,0,0,0,0,0,0,0,0,0,0,0,0,4716,58900,119,21200,118,1150200,62,136400
yune,track-b-product,jyut6ping3_mobile,key_sequence_process_with_context,neigojangingkeisatjinggoiziwunciucoenggeoizisyujapsinhojijung,35,61,61,19523600,183,19125500,20563,2266,86800,1852,4400,19300,221700,1500,33500,1852,0,301,61,111400,301,61,15400,61,0,305,1525,4,120,85,5612,0,57,4137,1424700,6313,118,1057400,5798,0,0,4137,118,0,0,11001,566100,17903,724,69884,38000,57,12752400,23708,22624,9400100,8334,1118,214200,45,8379,8379,1380,0,37,57,0,0,0,0,0,0,0,0,0,0,0,0,0,0,0,0,0,0,0,0,0,0,0,0,0,0,0,0,0,58,5017600,6312,1740,0,0,0,0,0,0,0,0,0,0,0,0,0,0,0,0,0,0,0,0,0,4716,50400,119,21300,118,1057400,62,111400
yune,track-b-product,jyut6ping3_mobile,key_sequence_process_with_context,neigojangingkeisatjinggoiziwunciucoenggeoizisyujapsinhojijung,36,61,61,19566800,183,19174500,20563,2266,85000,1852,4800,19100,219300,900,30000,1852,0,301,61,110500,301,61,13700,61,0,305,1525,4,120,85,5612,0,57,4137,1449100,6313,118,1091300,5798,0,0,4137,118,0,0,11001,582400,17903,724,69884,34300,57,12749600,23708,22624,9427500,8334,1118,215300,45,8379,8379,1380,0,37,57,0,0,0,0,0,0,0,0,0,0,0,0,0,0,0,0,0,0,0,0,0,0,0,0,0,0,0,0,0,58,5041000,6312,1740,0,0,0,0,0,0,0,0,0,0,0,0,0,0,0,0,0,0,0,0,0,4716,45600,119,20400,118,1091300,62,115000
yune,track-b-product,jyut6ping3_mobile,key_sequence_process_with_context,neigojangingkeisatjinggoiziwunciucoenggeoizisyujapsinhojijung,37,61,61,19427800,183,19036000,20563,2266,88500,1852,4600,18800,220300,1100,29700,1852,0,301,61,110500,301,61,13500,61,0,305,1525,4,120,85,5612,0,57,4137,1406500,6313,118,1068000,5798,0,0,4137,118,0,0,11001,569900,17903,724,69884,38300,57,12695100,23708,22624,9390700,8334,1118,218800,45,8379,8379,1380,0,37,57,0,0,0,0,0,0,0,0,0,0,0,0,0,0,0,0,0,0,0,0,0,0,0,0,0,0,0,0,0,58,4987300,6312,1740,0,0,0,0,0,0,0,0,0,0,0,0,0,0,0,0,0,0,0,0,0,4716,45900,119,20400,118,1068000,62,108500
yune,track-b-product,jyut6ping3_mobile,key_sequence_process_with_context,neigojangingkeisatjinggoiziwunciucoenggeoizisyujapsinhojijung,38,61,61,19528200,183,19132900,20563,2266,82600,1852,4500,18500,220900,1300,31200,1852,0,301,61,114800,301,61,14600,61,0,305,1525,4,120,85,5612,0,57,4137,1418400,6313,118,1078400,5798,0,0,4137,118,0,0,11001,576500,17903,724,69884,38100,57,12719100,23708,22624,9431100,8334,1118,215300,45,8379,8379,1380,0,37,57,0,0,0,0,0,0,0,0,0,0,0,0,0,0,0,0,0,0,0,0,0,0,0,0,0,0,0,0,0,58,5044200,6312,1740,0,0,0,0,0,0,0,0,0,0,0,0,0,0,0,0,0,0,0,0,0,4716,49800,119,20300,118,1078400,62,108200
yune,track-b-product,jyut6ping3_mobile,key_sequence_process_with_context,neigojangingkeisatjinggoiziwunciucoenggeoizisyujapsinhojijung,39,61,61,19530100,183,19135100,20563,2266,89200,1852,5200,19300,219000,1100,31000,1852,0,301,61,115300,301,61,14300,61,0,305,1525,4,120,85,5612,0,57,4137,1408100,6313,118,1098600,5798,0,0,4137,118,0,0,11001,568100,17903,724,69884,35600,57,12751400,23708,22624,9441700,8334,1118,213400,45,8379,8379,1380,0,37,57,0,0,0,0,0,0,0,0,0,0,0,0,0,0,0,0,0,0,0,0,0,0,0,0,0,0,0,0,0,58,4992900,6312,1740,0,0,0,0,0,0,0,0,0,0,0,0,0,0,0,0,0,0,0,0,0,4716,47500,119,20500,118,1098600,62,110500
yune,track-b-product,jyut6ping3_mobile,key_sequence_process_with_context,neigojangingkeisatjinggoiziwunciucoenggeoizisyujapsinhojijung,40,61,61,19382600,183,18990700,20563,2266,85300,1852,4600,19000,218800,1600,29900,1852,0,301,61,109900,301,61,14100,61,0,305,1525,4,120,85,5612,0,57,4137,1415600,6313,118,1067400,5798,0,0,4137,118,0,0,11001,559800,17903,724,69884,35400,57,12645100,23708,22624,9331100,8334,1118,219600,45,8379,8379,1380,0,37,57,0,0,0,0,0,0,0,0,0,0,0,0,0,0,0,0,0,0,0,0,0,0,0,0,0,0,0,0,0,58,4990300,6312,1740,0,0,0,0,0,0,0,0,0,0,0,0,0,0,0,0,0,0,0,0,0,4716,46000,119,20900,118,1067400,62,108600
yune,track-b-product,jyut6ping3_mobile,key_sequence_process_with_context,neigojangingkeisatjinggoiziwunciucoenggeoizisyujapsinhojijung,41,61,61,19316800,183,18926400,20563,2266,86000,1852,4500,19800,218800,1000,30200,1852,0,301,61,111100,301,61,14100,61,0,305,1525,4,120,85,5612,0,57,4137,1431200,6313,118,1064400,5798,0,0,4137,118,0,0,11001,557900,17903,724,69884,38000,57,12582100,23708,22624,9276500,8334,1118,214000,45,8379,8379,1380,0,37,57,0,0,0,0,0,0,0,0,0,0,0,0,0,0,0,0,0,0,0,0,0,0,0,0,0,0,0,0,0,58,4991000,6312,1740,0,0,0,0,0,0,0,0,0,0,0,0,0,0,0,0,0,0,0,0,0,4716,46400,119,20800,118,1064400,62,110600
yune,track-b-product,jyut6ping3_mobile,key_sequence_process_with_context,neigojangingkeisatjinggoiziwunciucoenggeoizisyujapsinhojijung,42,61,61,19370700,183,18971500,20563,2266,86700,1852,5100,20000,220600,1300,32100,1852,0,301,61,109500,301,61,13900,61,0,305,1525,4,120,85,5612,0,57,4137,1415000,6313,118,1089600,5798,0,0,4137,118,0,0,11001,561500,17903,724,69884,37000,57,12601400,23708,22624,9276900,8334,1118,221600,45,8379,8379,1380,0,37,57,0,0,0,0,0,0,0,0,0,0,0,0,0,0,0,0,0,0,0,0,0,0,0,0,0,0,0,0,0,58,4993900,6312,1740,0,0,0,0,0,0,0,0,0,0,0,0,0,0,0,0,0,0,0,0,0,4716,45800,119,19200,118,1089600,62,109300
yune,track-b-product,jyut6ping3_mobile,key_sequence_process_with_context,neigojangingkeisatjinggoiziwunciucoenggeoizisyujapsinhojijung,43,61,61,19366600,183,18975600,20563,2266,88100,1852,4600,19000,218500,1400,30400,1852,0,301,61,110200,301,61,14000,61,0,305,1525,4,120,85,5612,0,57,4137,1415600,6313,118,1099200,5798,0,0,4137,118,0,0,11001,551200,17903,724,69884,38700,57,12594100,23708,22624,9316200,8334,1118,214200,45,8379,8379,1380,0,37,57,0,0,0,0,0,0,0,0,0,0,0,0,0,0,0,0,0,0,0,0,0,0,0,0,0,0,0,0,0,58,4993600,6312,1740,0,0,0,0,0,0,0,0,0,0,0,0,0,0,0,0,0,0,0,0,0,4716,45900,119,20900,118,1099200,62,108500
yune,track-b-product,jyut6ping3_mobile,key_sequence_process_with_context,neigojangingkeisatjinggoiziwunciucoenggeoizisyujapsinhojijung,44,61,61,19328900,183,18932500,20563,2266,85200,1852,4100,18900,222600,1500,30400,1852,0,301,61,109800,301,61,14500,61,0,305,1525,4,120,85,5612,0,57,4137,1415800,6313,118,1061400,5798,0,0,4137,118,0,0,11001,565200,17903,724,69884,31300,57,12589000,23708,22624,9265200,8334,1118,217600,45,8379,8379,1380,0,37,57,0,0,0,0,0,0,0,0,0,0,0,0,0,0,0,0,0,0,0,0,0,0,0,0,0,0,0,0,0,58,4969700,6312,1740,0,0,0,0,0,0,0,0,0,0,0,0,0,0,0,0,0,0,0,0,0,4716,48100,119,21600,118,1061400,62,108700
yune,track-b-product,jyut6ping3_mobile,key_sequence_process_with_context,neigojangingkeisatjinggoiziwunciucoenggeoizisyujapsinhojijung,45,61,61,19305200,183,18917600,20563,2266,82100,1852,5500,19200,217200,1500,29800,1852,0,301,61,107500,301,61,13800,61,0,305,1525,4,120,85,5612,0,57,4137,1403500,6313,118,1051600,5798,0,0,4137,118,0,0,11001,576800,17903,724,69884,37900,57,12599600,23708,22624,9296200,8334,1118,216700,45,8379,8379,1380,0,37,57,0,0,0,0,0,0,0,0,0,0,0,0,0,0,0,0,0,0,0,0,0,0,0,0,0,0,0,0,0,58,4982300,6312,1740,0,0,0,0,0,0,0,0,0,0,0,0,0,0,0,0,0,0,0,0,0,4716,46700,119,19900,118,1051600,62,109800
yune,track-b-product,jyut6ping3_mobile,key_sequence_process_with_context,neigojangingkeisatjinggoiziwunciucoenggeoizisyujapsinhojijung,46,61,61,19504000,183,19113600,20563,2266,88000,1852,4500,19300,216700,1400,30900,1852,0,301,61,109300,301,61,14000,61,0,305,1525,4,120,85,5612,0,57,4137,1411000,6313,118,1058700,5798,0,0,4137,118,0,0,11001,603200,17903,724,69884,35900,57,12743800,23708,22624,9436100,8334,1118,220200,45,8379,8379,1380,0,37,57,0,0,0,0,0,0,0,0,0,0,0,0,0,0,0,0,0,0,0,0,0,0,0,0,0,0,0,0,0,58,4981400,6312,1740,0,0,0,0,0,0,0,0,0,0,0,0,0,0,0,0,0,0,0,0,0,4716,86000,119,22600,118,1058700,62,107900
yune,track-b-product,jyut6ping3_mobile,key_sequence_process_with_context,neigojangingkeisatjinggoiziwunciucoenggeoizisyujapsinhojijung,47,61,61,19343400,183,18949000,20563,2266,85000,1852,5600,19300,220500,1500,30300,1852,0,301,61,111600,301,61,14700,61,0,305,1525,4,120,85,5612,0,57,4137,1446200,6313,118,1050200,5798,0,0,4137,118,0,0,11001,570200,17903,724,69884,35200,57,12609800,23708,22624,9312200,8334,1118,216500,45,8379,8379,1380,0,37,57,0,0,0,0,0,0,0,0,0,0,0,0,0,0,0,0,0,0,0,0,0,0,0,0,0,0,0,0,0,58,4994600,6312,1740,0,0,0,0,0,0,0,0,0,0,0,0,0,0,0,0,0,0,0,0,0,4716,55300,119,19900,118,1050200,62,108600
yune,track-b-product,jyut6ping3_mobile,key_sequence_process_with_context,neigojangingkeisatjinggoiziwunciucoenggeoizisyujapsinhojijung,48,61,61,19354800,183,18966900,20563,2266,83100,1852,4200,18600,216800,1600,29700,1852,0,301,61,109200,301,61,14500,61,0,305,1525,4,120,85,5612,0,57,4137,1421100,6313,118,1049300,5798,0,0,4137,118,0,0,11001,569600,17903,724,69884,37000,57,12654900,23708,22624,9352400,8334,1118,216500,45,8379,8379,1380,0,37,57,0,0,0,0,0,0,0,0,0,0,0,0,0,0,0,0,0,0,0,0,0,0,0,0,0,0,0,0,0,58,4972400,6312,1740,0,0,0,0,0,0,0,0,0,0,0,0,0,0,0,0,0,0,0,0,0,4716,48100,119,20800,118,1049300,62,108600
yune,track-b-product,jyut6ping3_mobile,key_sequence_process_with_context,neigojangingkeisatjinggoiziwunciucoenggeoizisyujapsinhojijung,49,61,61,19367600,183,18977700,20563,2266,86300,1852,4300,19400,218500,1400,30500,1852,0,301,61,109400,301,61,14100,61,0,305,1525,4,120,85,5612,0,57,4137,1422200,6313,118,1050000,5798,0,0,4137,118,0,0,11001,560300,17903,724,69884,35500,57,12659900,23708,22624,9308400,8334,1118,220900,45,8379,8379,1380,0,37,57,0,0,0,0,0,0,0,0,0,0,0,0,0,0,0,0,0,0,0,0,0,0,0,0,0,0,0,0,0,58,4978900,6312,1740,0,0,0,0,0,0,0,0,0,0,0,0,0,0,0,0,0,0,0,0,0,4716,48100,119,20600,118,1050000,62,114400
yune,track-b-product,jyut6ping3_mobile,key_sequence_process_with_context,neigojangingkeisatjinggoiziwunciucoenggeoizisyujapsinhojijung,50,61,61,19411000,183,19018600,20563,2266,83500,1852,5100,19700,218900,1100,32400,1852,0,301,61,110500,301,61,13400,61,0,305,1525,4,120,85,5612,0,57,4137,1417500,6313,118,1052000,5798,0,0,4137,118,0,0,11001,568400,17903,724,69884,34200,57,12704400,23708,22624,9385500,8334,1118,221900,45,8379,8379,1380,0,37,57,0,0,0,0,0,0,0,0,0,0,0,0,0,0,0,0,0,0,0,0,0,0,0,0,0,0,0,0,0,58,4973200,6312,1740,0,0,0,0,0,0,0,0,0,0,0,0,0,0,0,0,0,0,0,0,0,4716,46900,119,22100,118,1052000,62,109100
yune,track-b-product,jyut6ping3_mobile,key_sequence_process_with_context,neigojangingkeisatjinggoiziwunciucoenggeoizisyujapsinhojijung,51,61,61,19549300,183,19157600,20563,2266,86700,1852,4300,19200,218400,1900,31800,1852,0,301,61,111500,301,61,14800,61,0,305,1525,4,120,85,5612,0,57,4137,1420500,6313,118,1114000,5798,0,0,4137,118,0,0,11001,569600,17903,724,69884,37800,57,12766600,23708,22624,9395000,8334,1118,220800,45,8379,8379,1380,0,37,57,0,0,0,0,0,0,0,0,0,0,0,0,0,0,0,0,0,0,0,0,0,0,0,0,0,0,0,0,0,58,4987700,6312,1740,0,0,0,0,0,0,0,0,0,0,0,0,0,0,0,0,0,0,0,0,0,4716,49000,119,20900,118,1114000,62,109600
yune,track-b-product,jyut6ping3_mobile,key_sequence_process_with_context,neigojangingkeisatjinggoiziwunciucoenggeoizisyujapsinhojijung,52,61,61,19423000,183,19030900,20563,2266,89500,1852,5100,19400,217900,1600,32600,1852,0,301,61,109300,301,61,13700,61,0,305,1525,4,120,85,5612,0,57,4137,1410100,6313,118,1052400,5798,0,0,4137,118,0,0,11001,556500,17903,724,69884,35400,57,12710400,23708,22624,9381200,8334,1118,219200,45,8379,8379,1380,0,37,57,0,0,0,0,0,0,0,0,0,0,0,0,0,0,0,0,0,0,0,0,0,0,0,0,0,0,0,0,0,58,4976000,6312,1740,0,0,0,0,0,0,0,0,0,0,0,0,0,0,0,0,0,0,0,0,0,4716,47700,119,21200,118,1052400,62,108500
yune,track-b-product,jyut6ping3_mobile,key_sequence_process_with_context,neigojangingkeisatjinggoiziwunciucoenggeoizisyujapsinhojijung,53,61,61,19538200,183,19131600,20563,2266,87100,1852,4900,19800,226900,1600,34600,1852,0,301,61,116600,301,61,14300,61,0,305,1525,4,120,85,5612,0,57,4137,1409500,6313,118,1053200,5798,0,0,4137,118,0,0,11001,582200,17903,724,69884,38900,57,12787700,23708,22624,9426400,8334,1118,225300,45,8379,8379,1380,0,37,57,0,0,0,0,0,0,0,0,0,0,0,0,0,0,0,0,0,0,0,0,0,0,0,0,0,0,0,0,0,58,4995000,6312,1740,0,0,0,0,0,0,0,0,0,0,0,0,0,0,0,0,0,0,0,0,0,4716,47000,119,20200,118,1053200,62,107400
yune,track-b-product,jyut6ping3_mobile,key_sequence_process_with_context,neigojangingkeisatjinggoiziwunciucoenggeoizisyujapsinhojijung,54,61,61,19510500,183,19076300,20563,2266,96000,1852,5100,19900,238600,1500,36300,1852,0,301,61,122300,301,61,15600,61,0,305,1525,4,120,85,5612,0,57,4137,1432500,6313,118,1032100,5798,0,0,4137,118,0,0,11001,585400,17903,724,69884,38500,57,12704900,23708,22624,9382600,8334,1118,213400,45,8379,8379,1380,0,37,57,0,0,0,0,0,0,0,0,0,0,0,0,0,0,0,0,0,0,0,0,0,0,0,0,0,0,0,0,0,58,5036300,6312,1740,0,0,0,0,0,0,0,0,0,0,0,0,0,0,0,0,0,0,0,0,0,4716,47500,119,21500,118,1032100,62,128900
yune,track-b-product,jyut6ping3_mobile,key_sequence_process_with_context,neigojangingkeisatjinggoiziwunciucoenggeoizisyujapsinhojijung,55,61,61,20488600,183,20042200,20563,2266,79100,1852,6200,21800,241600,1400,41200,1852,0,301,61,121000,301,61,15000,61,0,305,1525,4,120,85,5612,0,57,4137,1459200,6313,118,1128100,5798,0,0,4137,118,0,0,11001,598600,17903,724,69884,39900,57,13374600,23708,22624,9870700,8334,1118,221900,45,8379,8379,1380,0,37,57,0,0,0,0,0,0,0,0,0,0,0,0,0,0,0,0,0,0,0,0,0,0,0,0,0,0,0,0,0,58,5225900,6312,1740,0,0,0,0,0,0,0,0,0,0,0,0,0,0,0,0,0,0,0,0,0,4716,58000,119,21900,118,1128100,62,110700
yune,track-b-product,jyut6ping3_mobile,key_sequence_process_with_context,neigojangingkeisatjinggoiziwunciucoenggeoizisyujapsinhojijung,56,61,61,19465300,183,19071900,20563,2266,89700,1852,4700,18700,222000,1900,30500,1852,0,301,61,111900,301,61,14100,61,0,305,1525,4,120,85,5612,0,57,4137,1447600,6313,118,1116600,5798,0,0,4137,118,0,0,11001,560000,17903,724,69884,37900,57,12618900,23708,22624,9295700,8334,1118,217600,45,8379,8379,1380,0,37,57,0,0,0,0,0,0,0,0,0,0,0,0,0,0,0,0,0,0,0,0,0,0,0,0,0,0,0,0,0,58,5040900,6312,1740,0,0,0,0,0,0,0,0,0,0,0,0,0,0,0,0,0,0,0,0,0,4716,51800,119,20900,118,1116600,62,112600
yune,track-b-product,jyut6ping3_mobile,key_sequence_process_with_context,neigojangingkeisatjinggoiziwunciucoenggeoizisyujapsinhojijung,57,61,61,19565100,183,19166500,20563,2266,84000,1852,4400,19300,221600,1600,33300,1852,0,301,61,112600,301,61,14400,61,0,305,1525,4,120,85,5612,0,57,4137,1430800,6313,118,1114700,5798,0,0,4137,118,0,0,11001,607400,17903,724,69884,36600,57,12700900,23708,22624,9386100,8334,1118,216600,45,8379,8379,1380,0,37,57,0,0,0,0,0,0,0,0,0,0,0,0,0,0,0,0,0,0,0,0,0,0,0,0,0,0,0,0,0,58,5058800,6312,1740,0,0,0,0,0,0,0,0,0,0,0,0,0,0,0,0,0,0,0,0,0,4716,47000,119,20200,118,1114700,62,112600
yune,track-b-product,jyut6ping3_mobile,key_sequence_process_with_context,neigojangingkeisatjinggoiziwunciucoenggeoizisyujapsinhojijung,58,61,61,19702000,183,19306100,20563,2266,83400,1852,3900,19200,219900,1600,31000,1852,0,301,61,111800,301,61,14400,61,0,305,1525,4,120,85,5612,0,57,4137,1442900,6313,118,1100000,5798,0,0,4137,118,0,0,11001,572900,17903,724,69884,36200,57,12816800,23708,22624,9475500,8334,1118,216400,45,8379,8379,1380,0,37,57,0,0,0,0,0,0,0,0,0,0,0,0,0,0,0,0,0,0,0,0,0,0,0,0,0,0,0,0,0,58,5095300,6312,1740,0,0,0,0,0,0,0,0,0,0,0,0,0,0,0,0,0,0,0,0,0,4716,48200,119,20700,118,1100000,62,110000
yune,track-b-product,jyut6ping3_mobile,key_sequence_process_with_context,neigojangingkeisatjinggoiziwunciucoenggeoizisyujapsinhojijung,59,61,61,21030700,183,20576200,20563,2266,83400,1852,7500,23400,244000,1400,34800,1852,0,301,61,131600,301,61,18000,61,0,305,1525,4,120,85,5612,0,57,4137,1518300,6313,118,1071100,5798,0,0,4137,118,0,0,11001,654100,17903,724,69884,42600,57,13720900,23708,22624,10304000,8334,1118,251800,45,8379,8379,1380,0,37,57,0,0,0,0,0,0,0,0,0,0,0,0,0,0,0,0,0,0,0,0,0,0,0,0,0,0,0,0,0,58,5467500,6312,1740,0,0,0,0,0,0,0,0,0,0,0,0,0,0,0,0,0,0,0,0,0,4716,47700,119,22400,118,1071100,62,113200
yune,track-b-product,jyut6ping3_mobile,key_sequence_process_with_context,neigojangingkeisatjinggoiziwunciucoenggeoizisyujapsinhojijung,60,61,61,20458400,183,20018400,20563,2266,83100,1852,6200,21500,237200,1500,34400,1852,0,301,61,123500,301,61,15900,61,0,305,1525,4,120,85,5612,0,57,4137,1480300,6313,118,1102900,5798,0,0,4137,118,0,0,11001,646600,17903,724,69884,41100,57,13254800,23708,22624,9816000,8334,1118,226400,45,8379,8379,1380,0,37,57,0,0,0,0,0,0,0,0,0,0,0,0,0,0,0,0,0,0,0,0,0,0,0,0,0,0,0,0,0,58,5314600,6312,1740,0,0,0,0,0,0,0,0,0,0,0,0,0,0,0,0,0,0,0,0,0,4716,85600,119,21900,118,1102900,62,113300
yune,track-b-product,jyut6ping3_mobile,key_sequence_process_with_context,neigojangingkeisatjinggoiziwunciucoenggeoizisyujapsinhojijung,61,61,61,21260100,183,20800700,20563,2266,92400,1852,8800,22800,240700,1600,36800,1852,0,301,61,131400,301,61,17400,61,0,305,1525,4,120,85,5612,0,57,4137,1482000,6313,118,1114000,5798,0,0,4137,118,0,0,11001,633700,17903,724,69884,41500,57,13878400,23708,22624,10402700,8334,1118,230600,45,8379,8379,1380,0,37,57,0,0,0,0,0,0,0,0,0,0,0,0,0,0,0,0,0,0,0,0,0,0,0,0,0,0,0,0,0,58,5479800,6312,1740,0,0,0,0,0,0,0,0,0,0,0,0,0,0,0,0,0,0,0,0,0,4716,50200,119,22400,118,1114000,62,116100
yune,track-b-product,jyut6ping3_mobile,key_sequence_process_with_context,neigojangingkeisatjinggoiziwunciucoenggeoizisyujapsinhojijung,62,61,61,19711000,183,19302300,20563,2266,80700,1852,5500,19800,228900,1100,30600,1852,0,301,61,114000,301,61,14000,61,0,305,1525,4,120,85,5612,0,57,4137,1427500,6313,118,1084700,5798,0,0,4137,118,0,0,11001,577300,17903,724,69884,34300,57,12892200,23708,22624,9560300,8334,1118,218800,45,8379,8379,1380,0,37,57,0,0,0,0,0,0,0,0,0,0,0,0,0,0,0,0,0,0,0,0,0,0,0,0,0,0,0,0,0,58,5030500,6312,1740,0,0,0,0,0,0,0,0,0,0,0,0,0,0,0,0,0,0,0,0,0,4716,49400,119,20000,118,1084700,62,113100
yune,track-b-product,jyut6ping3_mobile,key_sequence_process_with_context,neigojangingkeisatjinggoiziwunciucoenggeoizisyujapsinhojijung,63,61,61,22702200,183,22176000,20563,2266,79600,1852,10700,26700,271300,1800,41700,1852,0,301,61,147300,301,61,18700,61,0,305,1525,4,120,85,5612,0,57,4137,1780700,6313,118,1087700,5798,0,0,4137,118,0,0,11001,693800,17903,724,69884,43200,57,14720300,23708,22624,11057700,8334,1118,277200,45,8379,8379,1380,0,37,57,0,0,0,0,0,0,0,0,0,0,0,0,0,0,0,0,0,0,0,0,0,0,0,0,0,0,0,0,0,58,6020300,6312,1740,0,0,0,0,0,0,0,0,0,0,0,0,0,0,0,0,0,0,0,0,0,4716,51800,119,23600,118,1087700,62,111800
yune,track-b-product,jyut6ping3_mobile,key_sequence_process_with_context,neigojangingkeisatjinggoiziwunciucoenggeoizisyujapsinhojijung,64,61,61,20339200,183,19897200,20563,2266,84600,1852,7600,21200,240100,800,31700,1852,0,301,61,130300,301,61,16300,61,0,305,1525,4,120,85,5612,0,57,4137,1445800,6313,118,1139900,5798,0,0,4137,118,0,0,11001,606300,17903,724,69884,39200,57,13234300,23708,22624,9874800,8334,1118,218300,45,8379,8379,1380,0,37,57,0,0,0,0,0,0,0,0,0,0,0,0,0,0,0,0,0,0,0,0,0,0,0,0,0,0,0,0,0,58,5189100,6312,1740,0,0,0,0,0,0,0,0,0,0,0,0,0,0,0,0,0,0,0,0,0,4716,49600,119,22100,118,1139900,62,131200
yune,track-b-product,jyut6ping3_mobile,key_sequence_process_with_context,neigojangingkeisatjinggoiziwunciucoenggeoizisyujapsinhojijung,65,61,61,19437100,183,19041200,20563,2266,89600,1852,4600,19100,220900,1300,32200,1852,0,301,61,114000,301,61,14100,61,0,305,1525,4,120,85,5612,0,57,4137,1425000,6313,118,1086300,5798,0,0,4137,118,0,0,11001,560400,17903,724,69884,35100,57,12690700,23708,22624,9366700,8334,1118,209700,45,8379,8379,1380,0,37,57,0,0,0,0,0,0,0,0,0,0,0,0,0,0,0,0,0,0,0,0,0,0,0,0,0,0,0,0,0,58,4972400,6312,1740,0,0,0,0,0,0,0,0,0,0,0,0,0,0,0,0,0,0,0,0,0,4716,48300,119,20900,118,1086300,62,112500
yune,track-b-product,jyut6ping3_mobile,key_sequence_process_with_context,neigojangingkeisatjinggoiziwunciucoenggeoizisyujapsinhojijung,66,61,61,19512700,183,19110500,20563,2266,87200,1852,5800,19900,222800,1100,31100,1852,0,301,61,113500,301,61,14400,61,0,305,1525,4,120,85,5612,0,57,4137,1439700,6313,118,1111300,5798,0,0,4137,118,0,0,11001,602300,17903,724,69884,35700,57,12699300,23708,22624,9341600,8334,1118,215700,45,8379,8379,1380,0,37,57,0,0,0,0,0,0,0,0,0,0,0,0,0,0,0,0,0,0,0,0,0,0,0,0,0,0,0,0,0,58,4993700,6312,1740,0,0,0,0,0,0,0,0,0,0,0,0,0,0,0,0,0,0,0,0,0,4716,65900,119,19400,118,1111300,62,108700
yune,track-b-product,jyut6ping3_mobile,key_sequence_process_with_context,neigojangingkeisatjinggoiziwunciucoenggeoizisyujapsinhojijung,67,61,61,19441000,183,19046800,20563,2266,84300,1852,5200,18700,219100,1400,30000,1852,0,301,61,111800,301,61,14400,61,0,305,1525,4,120,85,5612,0,57,4137,1423000,6313,118,1087200,5798,0,0,4137,118,0,0,11001,580000,17903,724,69884,38600,57,12690600,23708,22624,9346300,8334,1118,215100,45,8379,8379,1380,0,37,57,0,0,0,0,0,0,0,0,0,0,0,0,0,0,0,0,0,0,0,0,0,0,0,0,0,0,0,0,0,58,4979300,6312,1740,0,0,0,0,0,0,0,0,0,0,0,0,0,0,0,0,0,0,0,0,0,4716,49200,119,20200,118,1087200,62,110300
yune,track-b-product,jyut6ping3_mobile,key_sequence_process_with_context,neigojangingkeisatjinggoiziwunciucoenggeoizisyujapsinhojijung,68,61,61,19444800,183,19051000,20563,2266,83800,1852,5600,19700,219500,2000,31300,1852,0,301,61,112800,301,61,14700,61,0,305,1525,4,120,85,5612,0,57,4137,1405100,6313,118,1118200,5798,0,0,4137,118,0,0,11001,573700,17903,724,69884,35900,57,12670300,23708,22624,9369900,8334,1118,216600,45,8379,8379,1380,0,37,57,0,0,0,0,0,0,0,0,0,0,0,0,0,0,0,0,0,0,0,0,0,0,0,0,0,0,0,0,0,58,4967600,6312,1740,0,0,0,0,0,0,0,0,0,0,0,0,0,0,0,0,0,0,0,0,0,4716,52800,119,20200,118,1118200,62,110700
yune,track-b-product,jyut6ping3_mobile,key_sequence_process_with_context,neigojangingkeisatjinggoiziwunciucoenggeoizisyujapsinhojijung,69,61,61,19378400,183,18985100,20563,2266,83000,1852,4600,18900,219000,1200,30500,1852,0,301,61,111200,301,61,14400,61,0,305,1525,4,120,85,5612,0,57,4137,1425600,6313,118,1105200,5798,0,0,4137,118,0,0,11001,581200,17903,724,69884,35500,57,12618400,23708,22624,9300700,8334,1118,211100,45,8379,8379,1380,0,37,57,0,0,0,0,0,0,0,0,0,0,0,0,0,0,0,0,0,0,0,0,0,0,0,0,0,0,0,0,0,58,4966800,6312,1740,0,0,0,0,0,0,0,0,0,0,0,0,0,0,0,0,0,0,0,0,0,4716,54300,119,19600,118,1105200,62,109000
yune,track-b-product,jyut6ping3_mobile,key_sequence_process_with_context,neigojangingkeisatjinggoiziwunciucoenggeoizisyujapsinhojijung,70,61,61,19474100,183,19074400,20563,2266,79900,1852,4500,19800,223500,1200,30400,1852,0,301,61,112800,301,61,16400,61,0,305,1525,4,120,85,5612,0,57,4137,1420600,6313,118,1096800,5798,0,0,4137,118,0,0,11001,574300,17903,724,69884,35900,57,12697500,23708,22624,9349200,8334,1118,214200,45,8379,8379,1380,0,37,57,0,0,0,0,0,0,0,0,0,0,0,0,0,0,0,0,0,0,0,0,0,0,0,0,0,0,0,0,0,58,4990200,6312,1740,0,0,0,0,0,0,0,0,0,0,0,0,0,0,0,0,0,0,0,0,0,4716,49700,119,21300,118,1096800,62,109800
yune,track-b-product,jyut6ping3_mobile,key_sequence_process_with_context,neigojangingkeisatjinggoiziwunciucoenggeoizisyujapsinhojijung,71,61,61,20290400,183,19855900,20563,2266,89800,1852,7400,22300,233700,1800,34800,1852,0,301,61,122900,301,61,15500,61,0,305,1525,4,120,85,5612,0,57,4137,1512000,6313,118,1091800,5798,0,0,4137,118,0,0,11001,592800,17903,724,69884,38500,57,13213000,23708,22624,9805800,8334,1118,216900,45,8379,8379,1380,0,37,57,0,0,0,0,0,0,0,0,0,0,0,0,0,0,0,0,0,0,0,0,0,0,0,0,0,0,0,0,0,58,5242800,6312,1740,0,0,0,0,0,0,0,0,0,0,0,0,0,0,0,0,0,0,0,0,0,4716,53800,119,22100,118,1091800,62,110100
yune,track-b-product,jyut6ping3_mobile,key_sequence_process_with_context,neigojangingkeisatjinggoiziwunciucoenggeoizisyujapsinhojijung,72,61,61,19403700,183,19010600,20563,2266,80600,1852,4600,18700,220700,1600,30600,1852,0,301,61,112900,301,61,14700,61,0,305,1525,4,120,85,5612,0,57,4137,1427300,6313,118,1079100,5798,0,0,4137,118,0,0,11001,556100,17903,724,69884,36300,57,12653200,23708,22624,9340100,8334,1118,216200,45,8379,8379,1380,0,37,57,0,0,0,0,0,0,0,0,0,0,0,0,0,0,0,0,0,0,0,0,0,0,0,0,0,0,0,0,0,58,4980400,6312,1740,0,0,0,0,0,0,0,0,0,0,0,0,0,0,0,0,0,0,0,0,0,4716,49900,119,24300,118,1079100,62,111800
yune,track-b-product,jyut6ping3_mobile,key_sequence_process_with_context,neigojangingkeisatjinggoiziwunciucoenggeoizisyujapsinhojijung,73,61,61,19422400,183,19031400,20563,2266,83100,1852,3900,19400,217100,1800,30100,1852,0,301,61,109900,301,61,14400,61,0,305,1525,4,120,85,5612,0,57,4137,1418400,6313,118,1071000,5798,0,0,4137,118,0,0,11001,567700,17903,724,69884,35800,57,12694000,23708,22624,9396100,8334,1118,212900,45,8379,8379,1380,0,37,57,0,0,0,0,0,0,0,0,0,0,0,0,0,0,0,0,0,0,0,0,0,0,0,0,0,0,0,0,0,58,4981300,6312,1740,0,0,0,0,0,0,0,0,0,0,0,0,0,0,0,0,0,0,0,0,0,4716,45600,119,20700,118,1071000,62,108600
yune,track-b-product,jyut6ping3_mobile,key_sequence_process_with_context,neigojangingkeisatjinggoiziwunciucoenggeoizisyujapsinhojijung,74,61,61,19483600,183,19091200,20563,2266,80300,1852,5200,19000,218500,1700,30300,1852,0,301,61,112100,301,61,14100,61,0,305,1525,4,120,85,5612,0,57,4137,1415200,6313,118,1072100,5798,0,0,4137,118,0,0,11001,560900,17903,724,69884,38200,57,12713200,23708,22624,9380300,8334,1118,213500,45,8379,8379,1380,0,37,57,0,0,0,0,0,0,0,0,0,0,0,0,0,0,0,0,0,0,0,0,0,0,0,0,0,0,0,0,0,58,5020800,6312,1740,0,0,0,0,0,0,0,0,0,0,0,0,0,0,0,0,0,0,0,0,0,4716,48700,119,20900,118,1072100,62,108500
yune,track-b-product,jyut6ping3_mobile,key_sequence_process_with_context,neigojangingkeisatjinggoiziwunciucoenggeoizisyujapsinhojijung,75,61,61,19543100,183,19147200,20563,2266,85500,1852,5600,20000,221900,1800,31100,1852,0,301,61,111400,301,61,14700,61,0,305,1525,4,120,85,5612,0,57,4137,1463900,6313,118,1087700,5798,0,0,4137,118,0,0,11001,574900,17903,724,69884,36200,57,12735600,23708,22624,9417000,8334,1118,217700,45,8379,8379,1380,0,37,57,0,0,0,0,0,0,0,0,0,0,0,0,0,0,0,0,0,0,0,0,0,0,0,0,0,0,0,0,0,58,5034900,6312,1740,0,0,0,0,0,0,0,0,0,0,0,0,0,0,0,0,0,0,0,0,0,4716,49700,119,21900,118,1087700,62,108000
yune,track-b-product,jyut6ping3_mobile,key_sequence_process_with_context,neigojangingkeisatjinggoiziwunciucoenggeoizisyujapsinhojijung,76,61,61,19462300,183,19066700,20563,2266,82400,1852,4500,19100,221400,1700,32400,1852,0,301,61,110600,301,61,14400,61,0,305,1525,4,120,85,5612,0,57,4137,1421300,6313,118,1089900,5798,0,0,4137,118,0,0,11001,557700,17903,724,69884,37100,57,12690300,23708,22624,9359100,8334,1118,212100,45,8379,8379,1380,0,37,57,0,0,0,0,0,0,0,0,0,0,0,0,0,0,0,0,0,0,0,0,0,0,0,0,0,0,0,0,0,58,4998800,6312,1740,0,0,0,0,0,0,0,0,0,0,0,0,0,0,0,0,0,0,0,0,0,4716,48300,119,21900,118,1089900,62,109900
yune,track-b-product,jyut6ping3_mobile,key_sequence_process_with_context,neigojangingkeisatjinggoiziwunciucoenggeoizisyujapsinhojijung,77,61,61,19686500,183,19280900,20563,2266,89500,1852,4600,19000,226800,1200,33000,1852,0,301,61,110600,301,61,14300,61,0,305,1525,4,120,85,5612,0,57,4137,1431500,6313,118,1134200,5798,0,0,4137,118,0,0,11001,579300,17903,724,69884,38300,57,12799900,23708,22624,9473900,8334,1118,218100,45,8379,8379,1380,0,37,57,0,0,0,0,0,0,0,0,0,0,0,0,0,0,0,0,0,0,0,0,0,0,0,0,0,0,0,0,0,58,5053900,6312,1740,0,0,0,0,0,0,0,0,0,0,0,0,0,0,0,0,0,0,0,0,0,4716,49200,119,21000,118,1134200,62,113800
yune,track-b-product,jyut6ping3_mobile,key_sequence_process_with_context,neigojangingkeisatjinggoiziwunciucoenggeoizisyujapsinhojijung,78,61,61,19728900,183,19324800,20563,2266,86900,1852,5000,20300,226500,1500,33900,1852,0,301,61,112300,301,61,14600,61,0,305,1525,4,120,85,5612,0,57,4137,1425600,6313,118,1097900,5798,0,0,4137,118,0,0,11001,584300,17903,724,69884,37800,57,12862400,23708,22624,9528500,8334,1118,218600,45,8379,8379,1380,0,37,57,0,0,0,0,0,0,0,0,0,0,0,0,0,0,0,0,0,0,0,0,0,0,0,0,0,0,0,0,0,58,5075600,6312,1740,0,0,0,0,0,0,0,0,0,0,0,0,0,0,0,0,0,0,0,0,0,4716,48200,119,20900,118,1097900,62,111500
yune,track-b-product,jyut6ping3_mobile,key_sequence_process_with_context,neigojangingkeisatjinggoiziwunciucoenggeoizisyujapsinhojijung,79,61,61,19688400,183,19283900,20563,2266,83800,1852,5000,19700,228900,1400,33300,1852,0,301,61,110100,301,61,14400,61,0,305,1525,4,120,85,5612,0,57,4137,1431300,6313,118,1099900,5798,0,0,4137,118,0,0,11001,583900,17903,724,69884,34400,57,12824200,23708,22624,9482700,8334,1118,215000,45,8379,8379,1380,0,37,57,0,0,0,0,0,0,0,0,0,0,0,0,0,0,0,0,0,0,0,0,0,0,0,0,0,0,0,0,0,58,5065900,6312,1740,0,0,0,0,0,0,0,0,0,0,0,0,0,0,0,0,0,0,0,0,0,4716,49600,119,22300,118,1099900,62,111400
