evidence,generation,workload,input,samples,operations,median_us,p95_us,p99_us,max_us,median_working_set_bytes,max_peak_working_set_bytes,median_private_bytes,max_peak_pagefile_bytes
m57-full-pass-1,M57,key_sequence_process_with_context,neigojangingkeisatjinggoiziwunciucoenggeoizisyujapsinhojijung,80,4880,286.514,289.447,289.802,289.802,635191296,752746496,unavailable,unavailable
m57-full-pass-1,M57,session_create_select_destroy,,60,60,28561.833,28949.542,29065.250,29065.250,621395968,752746496,unavailable,unavailable
m57-full-pass-1,M57,startup_warm_shared_assets_runtime_ready,,9,9,28608.292,111496.417,111496.417,111496.417,633716736,752746496,unavailable,unavailable
m57-full-pass-2,M57,key_sequence_process_with_context,neigojangingkeisatjinggoiziwunciucoenggeoizisyujapsinhojijung,80,4880,291.258,363.505,432.298,432.298,477167616,741736448,unavailable,unavailable
m57-full-pass-2,M57,session_create_select_destroy,,60,60,29242.958,40516.625,49819.083,49819.083,463273984,741736448,unavailable,unavailable
m57-full-pass-2,M57,startup_warm_shared_assets_runtime_ready,,9,9,37937.375,143379.042,143379.042,143379.042,635256832,741736448,unavailable,unavailable
current-run-1,current,key_sequence_process_with_context,neigojangingkeisatjinggoiziwunciucoenggeoizisyujapsinhojijung,80,4880,265.696,268.391,273.301,273.301,320126976,447152128,unavailable,unavailable
current-run-1,current,session_create_select_destroy,,60,60,29208.083,29644.834,30550.708,30550.708,317194240,447152128,unavailable,unavailable
current-run-1,current,startup_warm_shared_assets_runtime_ready,,9,9,29484.250,141286.583,141286.583,141286.583,329203712,447152128,unavailable,unavailable
current-run-2,current,key_sequence_process_with_context,neigojangingkeisatjinggoiziwunciucoenggeoizisyujapsinhojijung,80,4880,264.941,267.476,271.916,271.916,323977216,444940288,unavailable,unavailable
current-run-2,current,session_create_select_destroy,,60,60,29271.791,29462.291,29508.583,29508.583,320684032,444940288,unavailable,unavailable
current-run-2,current,startup_warm_shared_assets_runtime_ready,,9,9,29320.125,143423.250,143423.250,143423.250,332988416,444940288,unavailable,unavailable
current-run-3,current,key_sequence_process_with_context,neigojangingkeisatjinggoiziwunciucoenggeoizisyujapsinhojijung,80,4880,263.880,266.963,269.279,269.279,328515584,468123648,unavailable,unavailable
current-run-3,current,session_create_select_destroy,,60,60,29234.292,29634.750,29852.916,29852.916,324796416,468123648,unavailable,unavailable
current-run-3,current,startup_warm_shared_assets_runtime_ready,,9,9,29470.833,122521.708,122521.708,122521.708,337068032,468123648,unavailable,unavailable
current-run-4,current,key_sequence_process_with_context,neigojangingkeisatjinggoiziwunciucoenggeoizisyujapsinhojijung,80,4880,268.620,390.018,559.840,559.840,325976064,451231744,unavailable,unavailable
current-run-4,current,session_create_select_destroy,,60,60,29290.417,29617.958,29988.750,29988.750,323010560,451231744,unavailable,unavailable
current-run-4,current,startup_warm_shared_assets_runtime_ready,,9,9,29385.500,122257.334,122257.334,122257.334,335331328,451231744,unavailable,unavailable
current-run-5,current,key_sequence_process_with_context,neigojangingkeisatjinggoiziwunciucoenggeoizisyujapsinhojijung,80,4880,263.914,287.999,642.907,642.907,320077824,451543040,unavailable,unavailable
current-run-5,current,session_create_select_destroy,,60,60,29135.750,29349.500,30124.083,30124.083,317030400,451543040,unavailable,unavailable
current-run-5,current,startup_warm_shared_assets_runtime_ready,,9,9,29247.709,121925.625,121925.625,121925.625,329351168,451543040,unavailable,unavailable
